"ID","esa_avg","chirps_sum","era_prec_avg","era_temp_max_avg","era_temp_mean_avg","era_temp_min_avg","era_vswl_avg","kdd_event","kdd_result"
"ID_18258",0.266447625108181,632.51957154274,NA,21.2749553571429,19.142670375279,16.5167201450893,0.344624837239583,0,0
"ID_18259",0.312306448272089,730.641080379486,NA,21.7325339502936,18.7434350749791,15.7177724543834,0.468681041026275,0,0
"ID_18260",0.312415612668827,816.211696624756,NA,21.8693921638258,18.8442777999724,15.7628787878788,0.468059273922082,0,0
"ID_18261",0.313170705238978,764.414926528931,NA,22.2870310949901,18.7143810130932,15.5696994357639,0.45967236271611,0,0
"ID_18262",0.358607840019724,667.751513361931,NA,22.1573337598779,17.9888639252762,13.5993391365841,0.462118097648767,0,0
"ID_18263",0.363457772561482,730.091178178787,NA,20.8371787784984,17.4767912602775,14.0591809158805,0.477179661236969,0,0
"ID_18264",0.288727909963355,596.25289273262,NA,22.0024337768555,19.1146553039551,16.1174652099609,0.408693857987722,0,0
"ID_18265",0.267863193038598,531.313539028168,NA,20.9813371930804,19.2814041864304,17.0124354771205,0.180197511400495,0,0
"ID_18266",0.363435570223659,696.493702173233,NA,21.0455281047078,18.6379488726199,15.9932582310268,0.432233703084838,0,0
"ID_18267",0.358230066355144,688.247891187668,NA,20.8278446221502,17.4697515523659,13.9811895022602,0.47098905535364,0,0
"ID_18268",0.360029389235106,601.237811565399,NA,21.7667893629808,20.1659131172376,18.1668400691106,0.319468023838141,0,0
"ID_18269",0.3575301606927,677.779472112656,NA,21.4607632789386,18.4469220825436,15.051677491679,0.471359926332854,0,0
"ID_18270",0.331091697093185,611.681422948837,NA,22.0463156675681,17.8730221218533,13.4379250550881,0.458632660727216,0,0
"ID_18271",0.360661154714498,738.066341161728,NA,20.8752397017045,17.5144487477312,14.0725112452652,0.473345122674499,0,0
"ID_18272",0.359245117882202,765.891161680222,NA,20.8564927045037,17.4881779689415,14.0038559857537,0.469043518515194,0,0
"ID_18273",0.317092782612574,510.623947381973,NA,21.54111328125,18.5834803484488,15.6010423743207,0.475768866055254,0,0
"ID_18274",0.317092324378061,564.87992811203,NA,22.0229869682248,19.8815426097197,17.8282981551996,0.344687598092215,0,0
"ID_18275",0.327114347860498,303.814711809158,NA,25.6805785123967,20.6222014960507,15.8126606082128,0.429403578282716,1,0.853417968750001
"ID_18276",0.361614901125431,670.441391706467,NA,20.7503185297819,17.3909730232802,13.9350346712458,0.473645570827544,0,0
"ID_18277",0.309474944012372,588.34632396698,NA,24.6198935231855,19.6843096333166,14.3510427167339,0.41747431191065,0,0
"ID_18278",0.337523016534495,282.97880935669,NA,25.2023399575243,20.3583092748155,15.7870140890473,0.445391195105889,0,0
"ID_18279",NA,684.201864242554,NA,21.4582395788741,19.907535667942,18.1329539677868,0.202944703298072,0,0
"ID_18280",0.358204567974264,783.175639390946,NA,20.9481740427541,17.5790147494921,14.1045367230426,0.470820035689916,0,0
"ID_18281",0.32338312956003,880.51259803772,NA,23.8138243836242,19.9040838200293,16.4796798904221,0.445823050164557,0,0
"ID_18282",0.268329261865431,574.985300302505,NA,21.031884765625,18.8829148556705,16.1906913649868,0.346054932321181,0,0
"ID_18283",0.360661154714498,738.066341161728,NA,20.8752397017045,17.5144487477312,14.0725112452652,0.473345122674499,0,0
"ID_18284",0.377749023789709,963.597395420075,NA,24.5375469501202,20.0943967639891,16.1520379482171,0.43782428594736,0,0
"ID_18285",0.327671503154641,357.131036043167,NA,25.6694277196898,20.6444541682576,15.8912230527491,0.430465918137017,1,0.853417968750001
"ID_18286",0.272561728741441,364.860609173775,NA,20.6764331054688,17.7909888712565,14.5035815429687,0.478814945220947,0,0
"ID_18287",0.327601224764601,753.635712623596,NA,22.6617141723633,18.8531116008759,15.5236221313477,0.469242230057716,0,0
"ID_18288",0.334958229763586,366.77800321579,NA,25.2961380807977,20.5906810961272,16.1972065172697,0.432060170591923,1,0.199121093750001
"ID_18289",0.32684802395456,800.940263271332,NA,23.7339399549696,19.8559556607847,16.4363969590929,0.452829330055802,0,0
"ID_18290",0.315481940141091,622.629749774933,NA,21.4947774596133,18.5373637053926,15.5925764698093,0.478382557798914,0,0
"ID_18291",0.3581427705699,708.616221189499,NA,21.460299347453,18.4546959320245,15.0723782401553,0.471084671902519,0,0
"ID_18292",0.308561564338478,824.702794313431,NA,22.502248550511,18.8626345332564,15.6068558986832,0.452443320796175,0,0
"ID_18293",0.34190598603721,343.2547082901,NA,25.0920968720407,20.4875559026545,16.1561837861032,0.439767779725971,1,0.475244140625001
"ID_18294",0.289108637375992,626.726975083351,NA,19.5761760688267,16.147609730976,12.9834625431365,0.452355300965728,0,0
"ID_18295",0.359345148007075,631.3591401577,NA,21.330062406357,18.3342936894665,14.9134999732449,0.471146448562134,0,0
"ID_18296",0.269209146954631,700.017012834549,NA,21.3285316342213,19.1977068346924,16.6010392652835,0.346854684131393,0,0
"ID_18297",0.314310083494467,633.57316493988,NA,21.5957019894622,18.6330318480499,15.6533759538517,0.475644207740015,0,0
"ID_18298",0.334943975548486,538.598422050476,NA,25.26749031313,20.4833536127562,15.6834508096018,0.457460557260821,0,0
"ID_18299",0.28998501721158,745.483048081398,NA,19.6985661074112,16.2476835101463,13.0701054474044,0.451604269892792,0,0
"ID_18300",0.272764885668145,458.603478193283,NA,21.7424436407574,20.4451260496668,18.9538632150424,0.08563232421875,0,0
"ID_18301",0.312784731242002,464.217375040055,NA,25.2326628654234,20.3795468402165,15.2762281848538,0.450728980443811,0,0
"ID_18302",0.311820701008937,598.081984996795,NA,21.4673797877489,18.5329018381845,15.5913081616427,0.478182429760958,0,0
"ID_18303",0.333749796946843,579.8596971035,NA,25.1587850542211,20.2723902308526,15.5094274720149,0.456952896877308,0,0
"ID_18304",0.33583876765088,323.920399665832,NA,22.6475339171707,18.337057812325,13.9682034400202,0.47485216885912,0,0
"ID_18305",0.364654977647763,780.058050870895,NA,20.8906631469727,17.515486462911,14.0920623779297,0.478282233079275,0,0
"ID_18306",0.311369735055265,466.568588733673,NA,24.4000933793339,19.5130702703249,14.3101854755931,0.42714938514134,0,0
"ID_18307",0.390005173683167,817.987592935562,NA,24.2126872959422,19.8766048754033,16.0221628673041,0.458526113140049,0,0
"ID_18308",0.395808150370916,760.12707734108,NA,23.257207160596,18.8054844870999,14.6530593568916,0.467837605255329,0,0
"ID_18309",0.384283258296825,856.21121931076,NA,20.4377571105957,16.5415407180786,12.7519292195638,0.465983993477292,0,0
"ID_18310",0.368789895563512,497.990852832794,NA,20.812122365969,18.4252448685672,15.806498172305,0.437866140943055,0,0
"ID_18311",0.361456193615881,639.960113286972,NA,21.1576223454005,17.7849573699522,14.3200119663292,0.477222245623808,0,0
"ID_18312",0.270660713712374,364.860609173775,NA,20.7311947831484,17.8304116127276,14.5345680308119,0.478304289583105,0,0
"ID_18313",0.327114347860498,303.814711809158,NA,25.6805785123967,20.6222014960507,15.8126606082128,0.429403578282716,1,0.853417968750001
"ID_18314",0.290049791446439,745.483048081398,NA,19.697972040591,16.249465256843,13.0743665612262,0.451637820921082,0,0
"ID_18315",0.343142208254453,513.060233235359,NA,21.8457866053427,17.6871119345388,13.4054514238911,0.475107731357698,0,0
"ID_18316",0.304101876237176,842.687913656235,NA,22.5277561135488,18.8581880473655,15.6101652798587,0.446246647943645,0,0
"ID_18317",0.394672545569914,801.210266590118,NA,20.2815644282444,16.8510169286384,13.4122169834793,0.473347459375985,0,0
"ID_18318",0.361822655972313,590.312167644501,NA,20.9178125,18.5420217285156,15.913916015625,0.432798746744792,0,0
"ID_18319",0.360312011341254,734.275774002075,NA,22.1774888780382,18.0035278320313,13.625250922309,0.466485807630751,0,0
"ID_18320",0.327543626144781,360.758775472641,NA,25.6777379918981,20.6538098747348,15.8841145833333,0.430024436668113,1,0.853417968750001
"ID_18321",0.269044031062697,594.048286676407,NA,21.2111154380752,19.0846209504609,16.4605702406058,0.347965700738513,0,0
"ID_18322",0.288570477459274,622.720035791397,NA,22.0186848958333,19.1297023580532,16.1366418087121,0.408121922040226,0,0
"ID_18323",0.328277678166827,360.568025827408,NA,25.6898507756295,20.7142077548899,15.9103606958183,0.42776391832091,1,0.853417968750001
"ID_18324",0.271270646187274,473.510432124138,NA,20.7089719742063,17.8367898446542,14.5526638454861,0.478835015069871,0,0
"ID_18325",0.358216971158981,812.394344568253,NA,20.9799748655225,17.6092184209216,14.1372854764344,0.471341847070579,0,0
"ID_18326",0.27422487059998,474.99755525589,NA,20.889980061849,19.138981628418,16.8233703613281,0.186729897393121,0,0
"ID_18327",0.32883878601781,659.31661605835,NA,24.5510941232086,19.7971419348585,15.1713310484674,0.418393019657985,0,0
"ID_18328",0.2673202208152,546.156334638596,NA,20.978271130548,19.2801413568322,17.0093831380208,0.180572998120589,0,0
"ID_18329",0.364211874703566,608.235218763351,NA,21.8529979785839,20.2185858310798,18.2360290100524,0.320282884966799,0,0
"ID_18330",0.266966220587492,510.433375835419,NA,20.9761917679398,19.2821994357639,17.0130063657407,0.180694829681773,0,0
"ID_18331",0.360091121848097,631.3591401577,NA,21.3180023193359,18.3203850922761,14.9026123046875,0.471440023846096,0,0
"ID_18332",0.385458446970773,704.301850318909,NA,20.220614739913,16.3722357254994,12.6556285230419,0.46577559845357,0,0
"ID_18333",0.326493440020798,357.131036043167,NA,25.6891871596828,20.6587518094766,15.8761433919271,0.428567318001179,1,0.853417968750001
"ID_18334",0.27226499458657,428.904981732369,NA,20.6565331135321,17.7691016334277,14.5368840488819,0.479089334470416,0,0
"ID_18335",0.31488910737172,712.306833982468,NA,21.6698542940444,18.6781350988121,15.6679967023324,0.474672980930494,0,0
"ID_18336",0.26565605919745,595.510917425155,NA,19.5556427938075,16.6176359149332,13.3699071966066,0.413318665237271,0,0
"ID_18337",0.367704077234751,430.735017538071,NA,21.7364349626068,20.4402221331909,18.951794120593,0.08563232421875,0,0
"ID_18338",0.330979250562497,586.628366708756,NA,25.0631122295673,20.1805803347857,15.4729191706731,0.459539892734625,0,0
"ID_18339",0.358286157660528,736.918533325196,NA,20.8607062404141,17.4940090811326,14.0327999185199,0.471775324066724,0,0
"ID_18340",0.310524197816849,401.100625753403,NA,24.3946955983232,19.5193001103595,14.2656365123222,0.428433498392906,0,0
"ID_18341",0.32374156458994,869.606289863586,NA,23.7807610720199,19.8844616214171,16.4539909716474,0.449260656933648,0,0
"ID_18342",0.273804205501902,636.093481063842,NA,19.6208338295541,16.7165300694908,13.5661269769436,0.428193348210032,0,0
"ID_18343",0.367569521069527,564.978714227676,NA,20.6027398003472,17.2577446657708,13.9020207331731,0.478474304546997,0,0
"ID_18344",0.357686121402116,702.117369413376,NA,21.4804261312319,18.4785438611099,15.0958129177204,0.471439552674633,0,0
"ID_18345",0.311869759536997,741.436366081238,NA,21.7117222377232,18.7250402541388,15.7058349609375,0.469910271962484,0,0
"ID_18346",0.341535400403173,541.691418886185,NA,23.8583262125651,19.0991999732124,14.1442572699653,0.392250339190165,0,0
"ID_18347",0.274045523135893,536.347878456116,NA,20.9288704675573,19.1920926547839,16.9069686307252,0.185559182979982,0,0
"ID_18348",0.361568469267625,555.079210758209,NA,21.2561207490809,18.2335981032428,14.7902717141544,0.47243200563917,0,0
"ID_18349",0.318080672814,850.159842967987,NA,23.8547858029801,19.9338051094914,16.4970324787873,0.441493423832437,0,0
"ID_18350",0.358377457692705,764.840976476669,NA,21.5051458185369,18.5159624504321,15.1643296675249,0.472721399682941,0,0
"ID_18351",0.365082696080208,569.646478414536,NA,21.8816786024306,20.2536361882716,18.2759168836806,0.319940176127869,0,0
"ID_18352",0.271434496039326,561.427762269974,NA,20.7812591552734,17.9084238546866,14.6068359375,0.477708957813404,0,0
"ID_18353",0.366641998291016,598.654373407364,NA,20.6089458682673,17.266178798934,13.8888977547002,0.479337557867614,0,0
"ID_18354",0.318588668984525,833.038747310638,NA,22.8442007755888,18.9623599729676,15.5913878509964,0.449896549832994,0,0
"ID_18355",0.358008150074442,741.015412092209,NA,20.931752430309,17.5627883217552,14.0841794100675,0.470735430717468,0,0
"ID_18356",0.326119321190621,357.131036043167,NA,25.7164389217601,20.6939791062299,15.8960546156939,0.427196493335799,1,0.853417968750001
"ID_18357",0.394465442746878,805.086309194565,NA,24.1544717478198,19.8216226740401,16.0068120912064,0.463850218504282,0,0
"ID_18358",0.385782631057682,629.514176368714,NA,24.1069518008475,20.0727801306773,16.5317813162076,0.472893041405974,0,0
"ID_18359",0.266741189256049,623.210182070732,NA,19.5094973833133,16.5736870659722,13.3440169896835,0.416742332980164,0,0
"ID_18360",0.358897964443479,688.247891187668,NA,20.8167797696059,17.4565986131154,13.9731852731887,0.471246699112489,0,0
"ID_18361",0.359663435320059,850.98575091362,NA,20.9686361576312,17.5945707935874,14.1247553198377,0.472692830347444,0,0
"ID_18362",0.3121498294852,716.400509357452,NA,21.7174349850171,18.7107395119863,15.6586572934503,0.473008900472563,0,0
"ID_18363",0.273927123991998,521.748855590821,NA,20.9074614757628,19.1669076674254,16.8573626660925,0.186223012568757,0,0
"ID_18364",0.329185904491515,751.408362865448,NA,25.4092136247784,21.2310260312777,17.4529528895168,0.446242348240341,0,0
"ID_18365",0.370057294486274,500.865135192871,NA,21.5800478980655,19.9576522584946,17.9485095796131,0.330040607755146,0,0
"ID_18366",0.358922884589241,825.235892534256,NA,20.9494919235642,17.5779628444363,14.1146101668074,0.470315245894698,0,0
"ID_18367",0.370782133191824,842.063584566117,NA,24.6861002604167,20.1993704389232,16.154937318314,0.415621779685797,0,0
"ID_18368",0.357943214416504,823.694667577744,NA,20.9605165223818,17.5776837873029,14.0995671452703,0.465969618376311,0,0
"ID_18369",0.311463500518318,483.914336442948,NA,25.3831156716418,20.5203788036138,15.3922709450793,0.442990473846891,0,0
"ID_18370",0.314353059393814,809.429894208908,NA,22.3784978693182,18.7838202538429,15.5716987114448,0.46401681941309,0,0
"ID_18371",0.365390352367126,674.426807165146,NA,20.7927365672832,17.4302526495625,14.0424093856293,0.478168625950543,0,0
"ID_18372",0.315225385669349,716.751216650009,NA,23.2396690955529,20.0017443534656,17.2554574819712,0.451480092757787,0,0
"ID_18373",0.394935699476712,693.537047386169,NA,27.0083892321977,22.6546242969284,18.5529488985656,0.367644268306878,13,7.34028320312502
"ID_18374",0.335836895158358,515.10034263134,NA,24.9589922371557,20.0790856312898,15.3746768240201,0.464866460379908,0,0
"ID_18375",0.335860708562454,511.745526075363,NA,24.9005567278181,20.0463980538505,15.3611977713449,0.464718642688933,0,0
"ID_18376",0.344385732724829,501.945258617401,NA,22.4860513010333,18.1024652788716,13.7349034463206,0.475763505504977,0,0
"ID_18377",0.335500911005542,570.281492233276,NA,25.2645939753606,20.4702820606721,15.7040151742788,0.457506502591647,0,0
"ID_18378",0.266634721966351,622.070599794388,NA,21.217011422822,19.0777418348525,16.4307868726326,0.345815003520311,0,0
"ID_18379",0.271895802180682,586.710961580276,NA,21.1977891366693,19.0773011670334,16.4854470554786,0.351204123678087,0,0
"ID_18380",0.358230066355144,594.36077105999,NA,22.0517722459709,17.8800854057136,13.4494742531447,0.459570802732584,0,0
"ID_18466",0.319975626448657,463.131558418274,NA,26.3219293454273,21.6720188981396,17.5385648393362,0.406429147091738,10,5.11596679687501
"ID_18467",0.356843309296716,857.118104696274,NA,20.9717074007601,17.5842170234199,14.0894584037162,0.461651521974856,0,0
"ID_18468",0.359475806821138,893.670240163803,NA,20.979836796466,17.601255481447,14.1381511268815,0.470513884725787,0,0
"ID_18469",0.360327261148906,874.755462884903,NA,21.0060282939189,17.6181665918849,14.138500316723,0.474509955741264,0,0
"ID_18470",0.398047303682879,828.995848417282,NA,20.4964202880859,16.6667982737224,13.0363189697266,0.475184766451518,0,0
"ID_18471",0.266741189256049,595.510917425155,NA,19.5230832628384,16.5846838689914,13.3554472905056,0.416662969407003,0,0
"ID_18472",0.348849740165931,370.274995565415,NA,25.200113035187,21.0435564977291,17.229607914001,0.418194472946207,2,0.614062500000003
"ID_18473",0.338984425907785,411.025933504105,NA,25.5197219627491,20.9400314257341,16.721484728827,0.450348941600265,0,0
"ID_18474",0.331651977729052,789.564070343971,NA,20.8256297576122,16.7563836513422,12.4968111478365,0.45884884891347,0,0
"ID_18475",0.340624913262824,357.897710323334,NA,25.6429827580686,21.0796171761602,16.8631415695441,0.447240469885654,1,0.584619140625001
"ID_18476",0.288360177649288,656.84237921238,NA,19.6291148279444,16.1990835788852,13.0328458047327,0.451577364824181,0,0
"ID_18477",0.349939145892859,457.600185632706,NA,23.9687820968094,19.2768848623707,14.8660979157561,0.452094693839689,0,0
"ID_18478",0.304550293456303,848.027556180954,NA,21.212501268263,17.3407227883608,13.7642812753653,0.462129101608739,0,0
"ID_18479",0.352188183143076,428.251646518707,NA,23.9945187756615,19.3595802919708,15.0321360344434,0.452495793066466,0,0
"ID_18480",0.26596364439503,659.712281703949,NA,19.1241297104779,16.0536749147902,12.870654296875,0.41345947490019,0,0
"ID_18481",0.36316364970836,590.429908514023,NA,21.7650008016558,20.1369124531153,18.1292750116605,0.320917015645041,0,0
"ID_18482",NA,735.44998717308,NA,23.8165009469697,20.6831210974491,18.1066102923769,0.448544405927562,0,0
"ID_18483",0.367948901506118,541.35224032402,NA,21.7074498911373,20.0774208277301,18.0816514312244,0.325680581598334,0,0
"ID_18484",0.398101330725188,658.86630487442,NA,20.3564108869155,16.8942911052018,13.3994657008768,0.473358945594989,0,0
"ID_18485",0.366751996583717,1034.85177111626,NA,21.3089218062971,18.8376782594614,16.1500365597519,0.432622395168796,0,0
"ID_18486",0.332740168426638,373.249033689499,NA,25.7255393804506,21.4578647347384,17.6840941436531,0.398480432594161,2,0.555468750000003
"ID_18487",0.333817762557906,370.540170192719,NA,25.9720266450711,21.4820412902005,17.4110272167175,0.428728791110238,3,1.2892578125
"ID_18488",0.332667682191421,725.138814330101,NA,22.1608089468573,17.9896321154808,13.6100208002295,0.462967551136196,0,0
"ID_18489",0.344460278248587,416.344056129456,NA,24.8984459186422,20.6611993899291,16.8266062769397,0.440750766622609,0,0
"ID_18490",0.306452531119188,803.597695589066,NA,21.8616459627329,18.8400246693234,15.7696504391498,0.466424416804659,0,0
"ID_18491",0.341579138948804,393.594920396805,NA,25.4447843362357,20.903296426477,16.7105323383826,0.45471549094785,0,0
"ID_18492",0.333228537522325,376.970548510551,NA,25.5589974206823,21.0172708059995,16.7882454675573,0.449031334796935,1,0.584619140625001
"ID_18493",0.261712455558121,526.900023341179,NA,21.0416811103063,19.3978129607952,17.184013477856,0.170379192360716,0,0
"ID_18494",0.335535921289452,369.49263715744,NA,25.0880085966013,20.3790931274711,16.0633307909443,0.443224667922714,1,0.199121093750001
"ID_18495",0.365454600715056,496.446026086807,NA,21.8105632844518,20.1648654458302,18.170300493084,0.32040571515026,0,0
"ID_18496",0.396598282511588,750.9493765831,NA,20.5414493336397,16.7158442611528,13.0849526399101,0.475370340617394,0,0
"ID_18497",0.349164303806093,400.883277893066,NA,24.8352285743656,20.6283007322995,16.8179166177162,0.442458609291784,0,0
"ID_18498",0.333629120588303,375.72557413578,NA,25.65762890625,21.0931112467448,16.87176171875,0.446662724812826,1,0.584619140625001
"ID_18499",0.33632544907076,359.930913448334,NA,25.1022286551339,20.4145735967727,16.0764910016741,0.442117382231213,1,0.199121093750001
"ID_18500",0.341354594667359,365.565433979034,NA,25.488810546875,20.9545666503906,16.751859375,0.452218770345052,0,0
"ID_18501",0.38486421334021,839.935304164886,NA,20.3758178710938,16.49128837856,12.7505776263298,0.466129330033106,0,0
"ID_18502",0.348716726690008,413.239903688431,NA,25.0885632152289,20.8675976820395,16.9988226232394,0.436205205783038,0,0
"ID_18503",0.33008579484054,406.668668031692,NA,25.4092058454241,20.5274821690151,15.8003208705357,0.442910930088588,1,0.0187011718750014
"ID_18504",0.334338987144557,380.086184501648,NA,25.6122161409748,20.9473792384513,16.6666540345149,0.441182473405677,1,0.919824218750001
"ID_18505",0.34686113123236,408.758529663086,NA,24.8926936619718,20.6694342957976,16.8437004841549,0.440662813858247,0,0
"ID_18506",0.288896897062659,626.726975083351,NA,19.6006574148155,16.1697222483685,13.010353327372,0.452514422466477,0,0
"ID_18507",0.351240762459334,345.143554210663,NA,24.958988099179,20.743043216339,16.8685671014301,0.438007063784842,0,0
"ID_18508",0.372328626612822,935.163857221604,NA,23.9952701391763,20.0281740167546,16.5341838912459,0.432900127722464,0,0
"ID_18509",0.366655643796548,1018.47459673882,NA,21.301809630102,18.8379531860352,16.1478577905772,0.432522864568801,0,0
"ID_18510",0.347927500647823,465.414952516556,NA,24.0732981296565,19.3686287246266,14.9309027059189,0.44770874882376,0,0
"ID_18511",0.329923160249988,433.468914628029,NA,25.4857319438374,20.6159580613072,15.9178437773164,0.441736461399318,2,0.999804687500003
"ID_18512",0.364812190392438,526.024227380753,NA,21.9862378669508,20.382787053272,18.4064889618845,0.316368199358083,0,0
"ID_18513",0.398839793215364,864.654515743256,NA,20.5886106927711,17.0857204084895,13.6027546710279,0.472313494088659,0,0
"ID_18514",0.331293243544781,756.134377121925,NA,20.7768058401639,16.7153213139658,12.4848083162568,0.459096832136422,0,0
"ID_18515",0.333000124068487,354.068074822426,NA,25.5456950510581,21.0021250807394,16.7639817605807,0.450151113074596,1,0.584619140625001
"ID_18516",0.340786916748533,391.442439079285,NA,25.633709762688,21.0661465981849,16.8368788181391,0.447526119107889,1,0.584619140625001
"ID_18517",0.329869570062224,379.815664291382,NA,25.3180157285748,20.4713895239011,15.7734212239583,0.444737044247714,1,0.0187011718750014
"ID_18518",0.333333080736074,430.807914376259,NA,25.1570962260089,20.2673985278513,15.618600824311,0.451195343898663,0,0
"ID_18519",0.333440473105045,316.444153189659,NA,25.6470963817532,21.1092899300958,16.8764871888242,0.446124858101883,1,0.584619140625001
"ID_18520",0.32572382493661,448.790241360664,NA,25.5412316328642,20.5885153528344,15.7911087541391,0.436929466971762,2,0.436572265625003
"ID_18521",0.361614901125431,613.465364217758,NA,21.8642928769925,20.2412165084942,18.2508330274748,0.316744904656805,0,0
"ID_18522",0.333201582570678,354.991150140762,NA,25.827310546875,21.3707224121094,17.3195625,0.434865447998047,2,0.429248046875003
"ID_18523",0.314750518649817,721.381210803986,NA,22.2203296457538,18.6690918745279,15.5479868648616,0.465563378564577,0,0
"ID_18524",0.333106060093696,379.105055093765,NA,25.8018204317748,21.365817579119,17.3179803047471,0.434971287656983,2,0.429248046875003
"ID_18525",0.359504810359218,661.982693195343,NA,21.0314713541667,18.6289607747396,15.9728824869792,0.430010740492079,0,0
"ID_18526",0.323341758232417,406.918266534805,NA,26.0938370554071,21.5318940681324,17.41298828125,0.419333407753392,6,3.18569335937501
"ID_18527",0.333669104333063,362.795787096023,NA,26.0000091552734,21.5001956780752,17.4336658477783,0.428632219632467,4,1.45493164062501
"ID_18528",0.327455067142998,345.618298053741,NA,25.4043844288793,20.5320921623844,15.791353633486,0.443735292588157,2,0.999804687500003
"ID_18529",0.331338070668616,413.706251144409,NA,25.1996651236467,20.2798413694687,15.6114726870079,0.449137449890297,1,0.417871093750001
"ID_18530",0.351316567399714,367.753071308136,NA,23.8986097878557,19.2678732274994,14.9194153328252,0.454939912005169,0,0
"ID_18531",0.357796915241929,734.81850194931,NA,21.5373759285348,18.547187468871,15.1755435130635,0.47147989533638,0,0
"ID_18532",0.348802120321327,385.135372877121,NA,25.2039610418655,21.0547802485886,17.2453195819418,0.419015190376884,2,0.614062500000003
"ID_18533",0.347899079049399,391.665311813354,NA,24.7642046117071,20.5683147828971,16.7683805095616,0.445240424047062,0,0
"ID_18534",0.362450235088666,599.261689424515,NA,21.7622587744869,20.1343088937636,18.1206991167211,0.32059534746616,0,0
"ID_18535",0.333405275571914,369.096687912941,NA,25.6104084014893,21.0434277216594,16.8143325805664,0.448190982143084,1,0.584619140625001
"ID_18536",0.333239231258631,354.991150140762,NA,25.8316468253968,21.3752109911076,17.3208019438244,0.434840888573379,2,0.429248046875003
"ID_18537",0.304535713385452,872.386004447937,NA,21.2034212239583,17.3446896701389,13.7637581380208,0.462751456366645,0,0
"ID_18538",0.315862376376879,444.193181157112,NA,25.8694568168826,21.1362854624182,16.8139952124619,0.431570467910146,4,1.78623046875001
"ID_18539",0.388930356200737,815.575381278992,NA,25.3946292525488,21.2219956418301,17.4121017564273,0.442458727681045,0,0
"ID_18540",0.369939941812206,514.944442510605,NA,21.6087824041193,19.9732111150568,17.9691273082386,0.328892106720895,0,0
"ID_18541",0.331525919298011,440.952418923378,NA,25.7636188980801,21.1817734795199,16.925053296058,0.444772645538928,1,0.584619140625001
"ID_18542",0.398156777024269,734.103153944015,NA,20.2806030273438,16.4392173835823,12.7895141601562,0.475517449078259,0,0
"ID_18543",0.346150006330202,464.475996494293,NA,25.0757636347903,20.8071367094789,16.9081919996044,0.438728396902607,0,0
"ID_18544",0.357733836822342,770.472827196122,NA,21.1752535088118,18.7668631975041,16.1040410951126,0.428053416022959,0,0
"ID_18545",0.348161372517751,420.442279338837,NA,25.4589766652961,21.2466803968999,17.3649022152549,0.41250819490667,2,0.614062500000003
"ID_18546",0.329425755116317,412.815295815468,NA,25.4256780450994,20.550000955601,15.8660374496922,0.442371334692444,2,0.999804687500003
"ID_18547",0.345933619256203,457.600185632706,NA,24.0454289853962,19.327712859775,14.8617953431373,0.448196751879191,0,0
"ID_18548",0.266472375885708,670.36160993576,NA,19.1693636807528,16.1124246423895,12.9391362970526,0.414501359968474,0,0
"ID_18549",0.346933563766272,336.703025817871,NA,24.706940133231,20.1521450950986,15.9568485804967,0.459640264511108,0,0
"ID_18550",0.329696907829016,380.866837739944,NA,25.4112347456661,20.5382256649417,15.8013233491104,0.441823620575768,2,0.999804687500003
"ID_18551",0.346696664889654,435.154777050018,NA,24.9691783111367,20.7188626214695,16.8826280017827,0.439670054971238,0,0
"ID_18552",0.313426111126319,595.65484714508,NA,21.5020724826389,18.5210377445928,15.5642424406829,0.477342629138334,0,0
"ID_18553",0.327945292514303,429.47852575779,NA,25.2934506947758,20.3324815900575,15.6122927600191,0.444069364902021,1,0.417871093750001
"ID_18554",0.331525919298011,440.952418923378,NA,25.7636188980801,21.1817734795199,16.925053296058,0.444772645538928,1,0.584619140625001
"ID_18555",0.340680826346851,391.818375110626,NA,25.6413449309593,21.0665107037054,16.8350014383479,0.447689904106988,1,0.584619140625001
"ID_18556",NA,555.860577583313,NA,21.3832751664959,19.8384300857294,18.0560947105533,0.203314166251427,0,0
"ID_18557",0.269165365008621,594.967392683029,NA,19.5115449979708,16.5733833874459,13.3712227957589,0.422185489109584,0,0
"ID_18558",0.322615683078766,448.790241360664,NA,25.631566764735,20.6465245629162,15.7940299891218,0.432834882776445,2,0.436572265625003
"ID_18559",0.359166705608368,823.657052755356,NA,20.9085388869382,17.5365928735626,14.0652401356215,0.469172313418728,0,0
"ID_18560",0.332621594097303,411.074143648147,NA,25.9518984097961,21.4759511672577,17.4134246176862,0.428758990961891,3,1.2892578125
"ID_18561",0.399774261364123,891.204746723175,NA,20.4471539376796,16.6063293573957,12.9843671426006,0.475281945590315,0,0
"ID_18562",0.33278278342816,416.377021789551,NA,26.0019173400043,21.522873649423,17.4607094124572,0.42815762350004,4,1.45493164062501
"ID_18563",0.329322641180909,411.741721749306,NA,25.3983542049632,20.5346837810442,15.8283791934743,0.441358912224863,2,0.999804687500003
"ID_18564",0.36951319147379,531.1934030056,NA,21.6647306523771,20.0232202078882,18.0149555956197,0.327181144996926,0,0
"ID_18565",0.364986305606776,569.15870642662,NA,21.0000788762019,18.5904217842298,15.9455303485577,0.434100014124161,0,0
"ID_18566",0.331338070668616,426.842675328255,NA,25.1996651236467,20.2798413694687,15.6114726870079,0.449137449890297,1,0.417871093750001
"ID_18567",0.393064187094569,811.252655744552,NA,24.3135749064701,19.9395950962121,16.0898819184639,0.462506500208322,0,0
"ID_18568",0.36185844462426,296.003334879875,NA,21.9253134450605,17.8259828847796,13.5200216313844,0.475317384179775,0,0
"ID_18569",0.329402253031731,408.721774816513,NA,25.5115402747845,20.6327769312366,15.9266635237069,0.440627828137628,2,0.999804687500003
"ID_18570",0.352015727864844,428.251646518707,NA,23.9998341279871,19.3631977305693,15.0281598259421,0.452418593799367,0,0
"ID_18571",NA,733.882712841034,NA,23.8282133556548,20.6870470319476,18.1133502294147,0.448191683128397,0,0
"ID_18572",0.391289675777609,808.830581188202,NA,25.3439354053442,21.1814605565463,17.40688299649,0.44555844200982,0,0
"ID_18573",0.369129905333886,559.21311044693,NA,20.8305445177802,18.4272620014761,15.7981874663254,0.437972194847019,0,0
"ID_18574",0.393842652659206,758.943153619766,NA,23.4371715198864,18.9687352652502,14.7662982362689,0.466484435881027,0,0
"ID_18575",0.329824515330939,812.803454995155,NA,20.8282216597577,16.7438385840176,12.5101026885364,0.452059852833651,0,0
"ID_18576",0.311773665593221,590.869517326355,NA,23.245591796875,21.1982600097656,19.281755859375,0.328369140625,0,0
"ID_18577",0.324220556300133,444.008321404457,NA,25.4227771577381,20.466577425241,15.6713256005527,0.440539392484289,1,0.417871093750001
"ID_18578",0.339171221433592,391.265254497528,NA,25.2944685171772,20.6180900523205,16.2775371223096,0.434579579772276,1,0.475244140625001
"ID_18579",0.352547567126886,395.576989650726,NA,23.8789058685303,19.2735601425171,14.9296661376953,0.455185025930405,0,0
"ID_18580",0.333183857822611,429.354269981384,NA,25.4448565594562,20.6879268893948,16.2496502764813,0.429633978641394,1,0.599511718750001
"ID_18581",0.400704107082942,1039.77061700821,NA,20.3756741841634,16.5510859383477,12.9754247029622,0.475494086742401,0,0
"ID_18582",0.321048426357183,398.668849349022,NA,25.8220824417795,21.1661506409858,16.862984549164,0.435706035346742,2,1.504443359375
"ID_18583",0.305027058019358,769.461563110352,NA,22.5002214704241,18.8460990542457,15.6058733258929,0.447322377704439,0,0
"ID_18584",0.312467974300186,819.055593013764,NA,23.6062580108643,19.7612049738566,16.3914257049561,0.457808052500089,0,0
"ID_18585",0.330200166853725,434.819967389107,NA,25.4270374644886,20.5335059675026,15.8064712631119,0.441443258787924,1,0.0187011718750014
"ID_18586",0.322784683444131,433.560685873032,NA,25.6176093869093,20.6415563195702,15.7965049185404,0.433001785743527,2,0.436572265625003
"ID_18587",0.308568501799572,768.099712371826,NA,23.5237512975306,20.1972159859184,17.3812619509397,0.438238166151069,0,0
"ID_18588",0.365237556563483,561.671725034714,NA,21.8294722945602,20.1874429585021,18.2057002314815,0.320834896888262,0,0
"ID_18589",0.305027058019358,836.676936626434,NA,21.1938909826144,17.3300503869572,13.7499522034551,0.462126069225616,0,0
"ID_18590",0.324650186659961,381.992727398872,NA,25.5608356283723,20.9419085532356,16.7035964197392,0.447934043207329,1,0.919824218750001
"ID_18591",0.347081257154544,429.430166721344,NA,25.0066097005208,20.7553938802084,16.9041389973958,0.439794171651204,0,0
"ID_18592",0.328990438556085,433.468914628029,NA,25.5287711365582,20.640331627136,15.928071489726,0.440156749394386,2,0.999804687500003
"ID_18593",NA,711.090533494949,NA,23.7981763082837,20.6618276444693,18.1035012865823,0.448422548001405,0,0
"ID_18594",0.325665475555169,439.452951073647,NA,25.39902908429,20.4401661567948,15.6560693027211,0.441550317535054,1,0.417871093750001
"ID_18595",0.368644629915555,611.679046869278,NA,20.8577621217758,18.4694763990937,15.8510966951885,0.437193809993683,0,0
"ID_18596",0.332389520371661,369.096687912941,NA,25.591369140625,21.0317431640625,16.806310546875,0.448274546305339,1,0.584619140625001
"ID_18597",0.335557471065558,463.262289524078,NA,25.8471400669643,21.1967888684006,16.9184488426825,0.437502926180822,2,1.504443359375
"ID_18598",0.383492863128993,831.56201338768,NA,20.2960293984827,16.4299982148099,12.7013635183345,0.465282146181904,0,0
"ID_18599",0.321704670258448,436.568149089813,NA,25.6407594280478,20.6661625489286,15.8074547284915,0.431658430845159,2,0.436572265625003
"ID_18600",0.357502774854677,760.736590147018,NA,20.9031923192493,17.5409163435536,14.0623590051775,0.47100754085142,0,0
"ID_18601",0.331729911894442,387.660953760147,NA,25.1636386558658,20.2546331520289,15.5910708568135,0.448458244240349,1,0.417871093750001
"ID_18381",0.272624234740551,597.96807050705,NA,21.5195979191707,19.5458685980903,17.0683869190705,0.32103588234665,0,0
"ID_18382",0.268261742619973,597.96807050705,NA,21.4260965229552,19.4727449016807,16.9736527054398,0.311342149114413,0,0
"ID_18383",0.302924374447149,368.913682460785,NA,25.9117222939768,21.2109612577705,16.5761982579385,0.413015550182712,0,0
"ID_18384",0.299843743576535,530.07998418808,NA,22.7083666657748,18.0864133373243,13.7507568359375,0.397525273501601,0,0
"ID_18385",0.281724152557644,545.408581733704,NA,21.4060292809959,19.4750136460715,17.017542000127,0.326455858018663,0,0
"ID_18386",0.27580708430873,606.037041187286,NA,21.5529840866191,19.592348690161,17.1520380007341,0.327873340922447,0,0
"ID_18387",0.256146091058498,612.879843711853,NA,21.302045051419,20.0350071083121,18.2150213747608,0.153952254730017,0,0
"ID_18388",0.281476207346801,573.281093597412,NA,21.4285440760335,19.5047226793184,17.0574253352608,0.327231054230938,0,0
"ID_18389",0.293399847444447,289.538023948669,NA,26.176476469494,21.4208033970424,16.6928245907738,0.376790267702133,1,0.269189453125001
"ID_18390",0.271711813468559,597.96807050705,NA,21.4667359196283,19.5033639280365,17.026371655433,0.319206711513544,0,0
"ID_18391",0.27114648014307,588.46293592453,NA,21.3483649002878,20.0510564971389,18.2057964124178,0.165746835240147,0,0
"ID_18392",0.27037792242019,592.14084815979,NA,21.2506729125977,18.636721611023,15.592936706543,0.43438036441803,0,0
"ID_18393",0.298932573690857,517.397911548614,NA,25.9038743387057,21.2048739375718,16.269662355438,0.395700189385201,3,1.50751953125
"ID_18394",0.275266615003347,630.984610080719,NA,19.8562047054893,17.2066660295453,14.3120409513775,0.389315646991395,0,0
"ID_18395",0.265670827329159,556.143925666809,NA,21.2949157714844,19.3377929018255,16.7927490234375,0.30203830568414,0,0
"ID_18396",0.309772584157494,544.480839967728,NA,25.3860717773438,20.5354023549749,15.6856386382004,0.430374074256283,0,0
"ID_18397",0.294442744267107,360.277271270752,NA,25.2720881057998,20.6954922606043,16.214793680482,0.412073480207368,0,0
"ID_18398",0.273337197758384,702.251568555832,NA,21.5595899528631,19.5498377965149,17.0558187303596,0.331519292053564,0,0
"ID_18399",0.27267443739316,597.96807050705,NA,21.529032759233,19.5546610514323,17.0811567826705,0.322409113764247,0,0
"ID_18400",0.275266615003347,630.984610080719,NA,19.8562047054893,17.2066660295453,14.3120409513775,0.389315646991395,0,0
"ID_18401",0.270358329952353,597.96807050705,NA,21.4206690738076,19.4715836374383,16.9925813373766,0.313893221972281,0,0
"ID_18402",0.300419169116993,467.260866880417,NA,26.1848217010498,21.6191599527995,17.1401954650879,0.401385108629862,3,1.39033203125
"ID_18403",0.27114648014307,597.96807050705,NA,21.4260963841488,19.4768725478858,17.0003842002467,0.314905480334633,0,0
"ID_18404",0.268757612854242,558.131781101227,NA,19.7063569721423,17.0853999489232,14.2006325169613,0.362583792000486,0,0
"ID_18405",0.276150303207478,638.049617767334,NA,21.5538468725887,19.5608963703423,17.1047486858603,0.329987470995742,0,0
"ID_18406",0.272055373508103,597.96807050705,NA,21.4286759660051,19.4748364147839,16.9951218063767,0.316115813212352,0,0
"ID_18407",0.272055373508103,597.96807050705,NA,21.4286759660051,19.4748364147839,16.9951218063767,0.316115813212352,0,0
"ID_18408",0.298214508491812,350.016908884049,NA,26.369529281124,21.5653465517106,16.7546315839214,0.380258165380006,1,0.269189453125001
"ID_18409",0.291178779853018,595.128287792206,NA,22.502692292866,19.6338205036364,16.7114550138775,0.39527982577943,0,0
"ID_18410",0.269357594698668,596.532353401184,NA,19.7161694495507,17.0925502536084,14.2127594592525,0.36452595496749,0,0
"ID_18411",0.25555234881384,510.442999839782,NA,24.1228310861895,20.6065264137843,17.6321025233115,0.417568011950421,0,0
"ID_18412",0.263662690061262,487.116577386856,NA,19.4950525728383,16.9076280483925,14.0278206502585,0.345649652313768,0,0
"ID_18413",0.268605391850177,533.120134830475,NA,19.6704055059524,17.0524114007582,14.1730046901573,0.36034727204684,0,0
"ID_18414",0.306898402990681,512.007919073105,NA,25.3371804373605,20.496306900751,15.5921678815569,0.427453444117592,0,0
"ID_18415",0.267507316544652,611.444608688354,NA,19.7375809681566,17.1062671774048,14.2280223991297,0.363430091600378,0,0
"ID_18416",0.262576679388682,520.769619941711,NA,24.1173231816925,20.6656178342206,17.7544200255808,0.429450071666796,0,0
"ID_18417",0.272922481788267,597.96807050705,NA,21.4993337530839,19.5250414664285,17.0526511744449,0.322516324227316,0,0
"ID_18418",0.262978583718967,542.495202064514,NA,21.1330560146234,18.5303178053636,15.4300327398838,0.40806011053232,0,0
"ID_18419",0.303537365008187,450.117258787155,NA,22.6058513042355,17.9857442892616,13.7195703932076,0.395917866184035,0,0
"ID_18420",0.324084318410128,386.344877243042,NA,25.3740596648185,20.8110690865466,16.5232768397177,0.451842885718123,0,0
"ID_18421",0.266276576608982,609.570092916488,NA,19.6911417895963,17.0603483780571,14.1509647345691,0.358631114288393,0,0
"ID_18422",0.2674880823493,570.230208873749,NA,19.672808516653,17.0506851330138,14.1555564478824,0.358324900008084,0,0
"ID_18423",0.267565366384145,597.96807050705,NA,21.4717462448847,19.5069928971548,17.0083135695685,0.312185200433882,0,0
"ID_18424",0.273357895259955,592.14084815979,NA,21.2419046901216,18.646220544734,15.6060871303482,0.438175043537046,0,0
"ID_18425",0.2674880823493,570.230208873749,NA,19.6681993092922,17.0444374606573,14.1492614341887,0.357876682913067,0,0
"ID_18426",0.279114679149959,467.462168693542,NA,21.2566046948703,19.3370497025784,16.8377998783903,0.3223710509966,0,0
"ID_18427",0.264902866022153,603.229225158691,NA,21.3772411820451,19.4252144537029,16.9041414339867,0.304245495467026,0,0
"ID_18428",0.268572911336308,614.412417411804,NA,19.2899596030668,16.4754818997275,13.5988414693323,0.371040320544509,0,0
"ID_18429",0.27114648014307,597.96807050705,NA,21.4226682145075,19.4742140207859,16.99501953125,0.314681918415802,0,0
"ID_18430",0.270525868982077,597.96807050705,NA,21.4616974659455,19.4952454787034,17.0115068484575,0.317866207188011,0,0
"ID_18431",0.267321259442684,605.531250953674,NA,21.238916015625,18.6391238941866,15.6151094324449,0.428672416537416,0,0
"ID_18432",0.27089243016991,588.46293592453,NA,21.3513057585686,20.0478198635963,18.1900973412298,0.166176125311082,0,0
"ID_18433",0.273528237779116,597.96807050705,NA,21.4642924540752,19.5130639428491,17.0435754724451,0.320975123225032,0,0
"ID_18434",0.305170686657612,466.027326822281,NA,25.6692603187223,21.3527802503918,17.9289460038717,0.381598779233859,0,0
"ID_18435",0.272153777115553,597.96807050705,NA,21.5209220640121,19.550345078335,17.0766790574597,0.32172613656649,0,0
"ID_18436",0.357588739411251,542.635864496231,NA,22.9523722330729,18.9432470533583,15.0330159505208,0.445529037051731,0,0
"ID_18437",0.282888038064304,459.634743690491,NA,25.7714303861789,21.0556740034564,16.0304159521087,0.377774411746803,1,0.360253906250001
"ID_18438",0.271863210682917,597.96807050705,NA,21.4309172573469,19.4798541138504,17.0049355210058,0.315696876306934,0,0
"ID_18439",0.274915993365706,597.96807050705,NA,21.5032922693201,19.5327099087002,17.0670789563978,0.324642705487775,0,0
"ID_18440",0.267755356744716,533.120134830475,NA,19.65029296875,17.0300281729176,14.1493829900568,0.358540474951684,0,0
"ID_18441",0.268389797532091,606.473856925964,NA,19.7169732862903,17.0913087250084,14.2158061365927,0.363879505280525,0,0
"ID_18442",0.303912347075583,498.014015197754,NA,25.775507127193,21.1180485597131,16.2154678077029,0.403790713750828,1,0.360253906250001
"ID_18443",0.269468495280159,563.082509040833,NA,19.697294921875,17.0784028455946,14.1958414713542,0.363224190606011,0,0
"ID_18444",0.2680003438319,625.086133003235,NA,19.3010026241373,16.477333877033,13.5981816765721,0.371711493026016,0,0
"ID_18445",0.273413975301542,571.633139610291,NA,19.7498016144012,17.1202912017182,14.2378643329327,0.375206229292152,0,0
"ID_18446",0.271971045614599,533.120134830475,NA,19.6916209501379,17.0617329765769,14.172073543773,0.369400996787875,0,0
"ID_18447",0.290481794433495,607.413921356201,NA,22.5000398660008,19.6099191142537,16.6566746192642,0.394913001402521,0,0
"ID_18448",0.271001785385365,578.755282878876,NA,21.3893891205659,19.4459014205245,16.9570210224873,0.313295579171395,0,0
"ID_18449",0.267125905902536,592.14084815979,NA,21.2075885338698,18.6067356741595,15.5747584908308,0.425487415519303,0,0
"ID_18450",0.272680034779984,533.120134830475,NA,19.6993687984717,17.0674980367767,14.1744807111086,0.369808354807016,0,0
"ID_18451",0.272310954446976,611.51123046875,NA,21.5452969496417,19.5736873035472,17.1103798641521,0.322432309452389,0,0
"ID_18452",0.27256709896028,578.755282878876,NA,21.3959770307149,19.451317523277,16.9637093321918,0.314914664177045,0,0
"ID_18453",0.333516430369643,322.518934249878,NA,25.6099498401989,21.0773206306227,16.7801424893466,0.419321112199263,0,0
"ID_18454",0.277104100366251,709.28038764,NA,21.3042102348514,18.6607121165206,15.5854766101372,0.458442443754615,0,0
"ID_18455",0.266967296881496,597.96807050705,NA,21.3845805603781,19.4394791716902,16.9471664617091,0.307595362879121,0,0
"ID_18456",0.27267443739316,597.96807050705,NA,21.529032759233,19.5546610514323,17.0811567826705,0.322409113764247,0,0
"ID_18457",0.268261742619973,597.96807050705,NA,21.4260965229552,19.4727449016807,16.9736527054398,0.311342149114413,0,0
"ID_18458",0.2709645259948,597.96807050705,NA,21.4656029184912,19.4931334023769,17.0117797074045,0.318077071204054,0,0
"ID_18459",0.268789657463248,597.96807050705,NA,21.4148773193359,19.4680985768636,16.9748672485352,0.310755034287771,0,0
"ID_18460",0.277536345078893,583.00882434845,NA,21.39931640625,20.0723615373884,18.1761910574777,0.171736326671782,0,0
"ID_18461",0.281085763825104,452.31668138504,NA,21.1531254982462,19.2704444106744,16.758409897162,0.320340746924991,0,0
"ID_18462",0.27836469749173,592.493881225586,NA,21.4843897538219,19.5428004715369,17.0980170160746,0.328288066873162,0,0
"ID_18463",0.256310783927479,594.832038879395,NA,21.2796683266525,20.0173506758392,18.194909348413,0.153212013044907,0,0
"ID_18464",0.273292015343905,597.96807050705,NA,21.4743775222475,19.5123071666322,17.0374531120654,0.320670702599532,0,0
"ID_18465",0.316787333476661,361.702584266662,NA,25.596779296875,21.0438557942709,16.66448046875,0.399075002034505,0,0
"ID_18602",0.321754877594696,364.01221370697,NA,26.3228211520011,22.0058351572494,17.9638894599781,0.365458432693928,3,1.080029296875
"ID_18603",0.26980085298419,670.275162220001,NA,21.7675177421279,17.7414188452956,14.005849311188,0.451722826969836,0,0
"ID_18604",0.315141291708075,322.518681526184,NA,25.5129849137931,20.96434550669,16.5865259630927,0.393792327793165,0,0
"ID_18605",0.27256709896028,597.972641944885,NA,19.2732415093316,16.4610516300908,13.5808417426215,0.376356252917537,0,0
"ID_18606",0.301194190054901,533.453606128693,NA,24.029719662238,19.4687031454669,14.7155501497006,0.328991282723859,0,0
"ID_18607",0.31444741614097,421.115466356277,NA,26.6009966288527,22.174172903958,18.0221709787029,0.350822688237717,7,2.53496093750001
"ID_18608",0.343150913715363,511.970242142677,NA,22.853854190602,18.8485891603956,14.9379175522748,0.428129495358935,0,0
"ID_18609",0.326557502001524,419.630939006806,NA,26.2114187529593,21.7449404629794,17.5406664299242,0.403888707209115,2,0.759326171875003
"ID_18610",NA,475.939410924911,NA,24.5262675463669,21.2985391756384,18.6493362550813,0.434334555938638,0,0
"ID_18611",0.315141291708075,322.518681526184,NA,25.5129849137931,20.96434550669,16.5865259630927,0.393792327793165,0,0
"ID_18612",0.250120975904994,633.463760614395,NA,21.7485731336806,17.5782903762091,13.7638803633433,0.42990345425076,0,0
"ID_18613",0.240233825376401,598.102157354355,NA,21.7168969524793,17.5175145172876,13.6792871900826,0.42606491425149,0,0
"ID_18614",0.35204611380895,499.427941918373,NA,22.7706381553461,18.8432663762537,14.9598713520145,0.438442855498679,0,0
"ID_18615",0.31434608695277,506.409595012665,NA,24.0027311197917,19.4546442328559,14.6911442057292,0.342140108744303,0,0
"ID_18616",0.31434608695277,506.409595012665,NA,24.0027311197917,19.4546442328559,14.6911442057292,0.342140108744303,0,0
"ID_18617",0.321466074387233,515.669645786286,NA,23.9341535295759,19.8439770653135,15.5812953404018,0.418266269138881,0,0
"ID_18618",0.345569057072081,498.37366771698,NA,21.6675828976739,18.9862350578595,15.8633249383224,0.441864071035744,0,0
"ID_18619",0.325138754850509,481.984343528748,NA,24.5438709932215,20.3552067625757,16.0915430405561,0.37044368538202,0,0
"ID_18620",0.301105965394527,528.173018455505,NA,24.0248855774661,19.4642898620851,14.7154638083584,0.328736320556886,0,0
"ID_18621",0.348678898734924,499.427941918373,NA,22.7769825768849,18.8265050171545,14.9286772228423,0.434853099641346,0,0
"ID_18622",0.307839976045592,515.669645786286,NA,23.9690137361225,19.8879457975689,15.6407955771998,0.407669134307326,0,0
"ID_18623",NA,504.74760723114,NA,24.5634835379464,21.4072281524915,18.8249889213498,0.438261320611008,0,0
"ID_18624",0.251810930669308,569.788362503052,NA,21.8439945765904,17.6458938961937,13.8022290910993,0.431918479147412,0,0
"ID_18625",0.343814113511229,608.407086968422,NA,22.9315543241279,18.8273547741794,14.8545904115189,0.43658280187799,0,0
"ID_18626",0.33318739682436,490.916344642639,NA,23.8108216366525,19.8017712781658,15.6232926708157,0.429032654412049,0,0
"ID_18627",0.308274148195459,517.611843109131,NA,23.9678873697917,19.4220024278429,14.6973779296875,0.334174376593696,0,0
"ID_18628",0.31528421355425,631.723788619041,NA,23.6807396233415,19.010104648583,14.2370474532996,0.386640076308721,0,0
"ID_18629",0.30833020378714,517.611843109131,NA,23.9777626439145,19.4263658222399,14.6881170975535,0.334940943801612,0,0
"ID_18630",0.337488114097972,470.810970783234,NA,22.7879125787306,18.7974947039779,14.9215067072432,0.421992821902884,0,0
"ID_18631",0.298636738117002,487.050717353821,NA,23.9325537420382,19.4156577594215,14.6857680010947,0.322016138939341,0,0
"ID_18632",0.260434415551924,663.537700891495,NA,21.7885132753759,17.6117445254983,13.7806200070489,0.434038764552066,0,0
"ID_18633",NA,484.890022993088,NA,24.54788671875,21.3099061686198,18.658150390625,0.43421403503418,0,0
"ID_18634",0.333981021763162,515.669645786286,NA,23.878138671875,19.8343621419271,15.61393359375,0.43147824605306,0,0
"ID_18635",0.257915053855289,631.990797042847,NA,21.7825209066901,17.5455057063573,13.6656686702245,0.428907058608364,0,0
"ID_18636",0.323325019958731,320.003172874451,NA,26.2019613435953,21.930842172352,17.9357610419245,0.366350450924914,3,1.080029296875
"ID_18637",0.342045060445353,579.198274612427,NA,21.6053238407258,19.0985531386509,16.215958921371,0.382902809881395,0,0
"ID_18638",0.320433043832079,533.481401920319,NA,23.9938308189655,19.8802026507498,15.5950902478448,0.419463558854728,0,0
"ID_18639",0.266951001882553,548.543302059174,NA,21.2316271330181,19.9656533224541,18.1698948910362,0.160309737188774,0,0
"ID_18640",0.33776481271438,533.481401920319,NA,24.0116190925973,19.914592622017,15.6848388671875,0.437623946393123,0,0
"ID_18641",0.265216335140426,595.580545425415,NA,23.09390269134,19.1970003806939,15.7077798099841,0.439732896406098,0,0
"ID_18642",0.308274148195459,517.611843109131,NA,23.9712069277732,19.42612485233,14.6884532802152,0.334542482893988,0,0
"ID_18643",0.318265836394351,379.716578483581,NA,25.8254418267144,21.2053030225966,16.7879018147786,0.391192868903831,1,0.475244140625001
"ID_18644",0.247797960235227,570.756484031677,NA,24.2203002929688,19.9802160353888,16.4994437081473,0.376429839361282,0,0
"ID_18645",0.270592601372386,625.086133003235,NA,19.3525888119104,16.5063963180318,13.6152626277516,0.380575703874824,0,0
"ID_18646",0.343586595599041,516.151008725166,NA,22.8718081266984,18.8580913598987,14.938817651721,0.428689366953384,0,0
"ID_18647",0.260434415551924,631.990797042847,NA,21.7806604186101,17.6139050080409,13.7900962715718,0.434307107877969,0,0
"ID_18648",0.323563247042544,367.733523845673,NA,25.9066516223255,21.5393882407799,17.4088972761824,0.407029446896848,1,0.174707031250001
"ID_18649",0.358429536223412,544.308692097664,NA,22.9643984375,18.914373046875,14.972240234375,0.453486099243164,0,0
"ID_18650",0.242014565194647,566.418088436127,NA,21.724314283288,17.5685954660609,13.7697966202446,0.428893644913383,0,0
"ID_18651",0.252280261586694,613.055081129074,NA,21.8213210533405,17.5311931040095,13.5977438038793,0.422284873874708,0,0
"ID_18652",0.308029649598945,533.87628865242,NA,23.672280695409,18.9985846248674,14.1945984640239,0.37590731711054,0,0
"ID_18653",0.305235224077478,455.436449050903,NA,25.6319069602273,21.3181758996212,17.894999556108,0.38150963638768,0,0
"ID_18654",0.327553814315066,373.164896011353,NA,25.73682421875,21.168646484375,16.825740234375,0.407056864420573,1,0.475244140625001
"ID_18655",0.300270698401107,517.611843109131,NA,23.9563185471755,19.4202327500042,14.6928235176282,0.325475012135302,0,0
"ID_18656",0.221599249376191,194.924918651581,NA,23.8646615633401,19.4508469229531,15.8716760122648,0.325880959897058,0,0
"ID_18657",NA,508.86296081543,NA,24.6300472483915,21.3953577976601,18.732329604205,0.435363498388552,0,0
