"RMSE","R2","cluster","r.e.","model"
1879.66308609705,0.104755578799301,"Cluster 1","no random effect","ENV"
2033.63291290333,0.0995402373884755,"Cluster 1","no random effect","ENV"
1925.76885230549,0.106795401131848,"Cluster 1","no random effect","ENV"
1864.78588055351,0.131109292139273,"Cluster 1","no random effect","ENV"
2055.43881492993,0.0531869297289599,"Cluster 1","no random effect","ENV"
1904.74169104745,0.106250250248073,"Cluster 1","no random effect","ENV"
1977.06398375432,0.124791875202176,"Cluster 1","no random effect","ENV"
2026.49547843434,0.12883891345774,"Cluster 1","no random effect","ENV"
1895.69327931298,0.0771424608840222,"Cluster 1","no random effect","ENV"
1867.07440007997,0.0772447433610988,"Cluster 1","no random effect","ENV"
2043.61793607674,0.0820904725739533,"Cluster 1","no random effect","ENV"
2185.84223864341,0.0410797499664386,"Cluster 1","no random effect","ENV"
2199.51083706517,0.043550759614994,"Cluster 1","no random effect","ENV"
2014.263965087,0.0869155653899287,"Cluster 1","no random effect","ENV"
1863.52216887216,0.0911578629988467,"Cluster 1","no random effect","ENV"
1845.62228195374,0.0856616498538267,"Cluster 1","no random effect","ENV"
2176.5241806626,0.0836785457889987,"Cluster 1","no random effect","ENV"
2128.06681505495,0.0664687514667679,"Cluster 1","no random effect","ENV"
1951.13690687683,0.0635563978465816,"Cluster 1","no random effect","ENV"
2028.28897984543,0.075398206074768,"Cluster 1","no random effect","ENV"
1936.8407017735,0.0677655500030596,"Cluster 1","no random effect","ENV"
1883.98090720607,0.117051311484404,"Cluster 1","no random effect","ENV"
2110.4840732247,0.104915633441537,"Cluster 1","no random effect","ENV"
2042.84800767303,0.04403548291038,"Cluster 1","no random effect","ENV"
1869.55970718968,0.1019773783667,"Cluster 1","no random effect","ENV"
2141.07587663307,0.0418881836581801,"Cluster 1","no random effect","ENV"
1938.30535070748,0.143057921329776,"Cluster 1","no random effect","ENV"
1876.36324130636,0.0974967070714608,"Cluster 1","no random effect","ENV"
1928.01864091231,0.115513482010085,"Cluster 1","no random effect","ENV"
2062.93129816766,0.0791828106997334,"Cluster 1","no random effect","ENV"
1815.65192417094,0.0994072501908839,"Cluster 1","no random effect","ENV"
2077.2882527466,0.122505482238962,"Cluster 1","no random effect","ENV"
1844.50298705365,0.0722807847209072,"Cluster 1","no random effect","ENV"
2048.71070516685,0.0910699869527173,"Cluster 1","no random effect","ENV"
1967.67951662442,0.0863610139932399,"Cluster 1","no random effect","ENV"
2105.37614323534,0.0413473725941982,"Cluster 1","no random effect","ENV"
1850.95496841323,0.0856746512648039,"Cluster 1","no random effect","ENV"
1874.37006056515,0.0883625057436739,"Cluster 1","no random effect","ENV"
1957.50444563502,0.116609619171001,"Cluster 1","no random effect","ENV"
1888.36898481303,0.108759861448067,"Cluster 1","no random effect","ENV"
1828.74161737453,0.088894963225282,"Cluster 1","no random effect","ENV"
1936.37266372767,0.131240100572314,"Cluster 1","no random effect","ENV"
1970.07543117748,0.0617704973035665,"Cluster 1","no random effect","ENV"
1913.49976662704,0.104549559232289,"Cluster 1","no random effect","ENV"
1862.73602125496,0.0722536745085515,"Cluster 1","no random effect","ENV"
2073.23515947979,0.0825316203836537,"Cluster 1","no random effect","ENV"
1995.28347992927,0.0795228790350069,"Cluster 1","no random effect","ENV"
2023.98288532874,0.0827015242755766,"Cluster 1","no random effect","ENV"
1984.07271004512,0.0921850701345632,"Cluster 1","no random effect","ENV"
1974.40592914185,0.0971365261857155,"Cluster 1","no random effect","ENV"
2043.19080729441,0.0847982447108962,"Cluster 1","no random effect","ENV"
1980.29596048862,0.138119086780646,"Cluster 1","no random effect","ENV"
1813.31608702147,0.0974881234946613,"Cluster 1","no random effect","ENV"
2162.59934538239,0.0999124605611552,"Cluster 1","no random effect","ENV"
2127.90535316522,0.123357685650284,"Cluster 1","no random effect","ENV"
1923.68266476234,0.0605463723925892,"Cluster 1","no random effect","ENV"
1917.13541051566,0.112522047982136,"Cluster 1","no random effect","ENV"
2205.62862501695,0.0463883385555559,"Cluster 1","no random effect","ENV"
1801.03991299235,0.13211168791619,"Cluster 1","no random effect","ENV"
1978.17571611464,0.100945336902083,"Cluster 1","no random effect","ENV"
1843.78505316656,0.0859940197201421,"Cluster 1","no random effect","ENV"
2131.15861655095,0.0276518404435208,"Cluster 1","no random effect","ENV"
1817.46472330329,0.100147766815525,"Cluster 1","no random effect","ENV"
1788.09687566897,0.130692181065801,"Cluster 1","no random effect","ENV"
1888.15188327356,0.112856508673919,"Cluster 1","no random effect","ENV"
1805.86455159631,0.087606271672573,"Cluster 1","no random effect","ENV"
2081.25497891261,0.0512275642191487,"Cluster 1","no random effect","ENV"
1880.21174860356,0.0899385979614277,"Cluster 1","no random effect","ENV"
1844.54259190772,0.0972829191807113,"Cluster 1","no random effect","ENV"
1959.24071741013,0.0594210331688669,"Cluster 1","no random effect","ENV"
1968.15074011903,0.0817248483749291,"Cluster 1","no random effect","ENV"
2049.12162321908,0.0611109569492834,"Cluster 1","no random effect","ENV"
1819.11611598898,0.0629368152266935,"Cluster 1","no random effect","ENV"
2034.56095354958,0.108584779047313,"Cluster 1","no random effect","ENV"
1965.58626524966,0.108993764151557,"Cluster 1","no random effect","ENV"
1972.69585556911,0.0625318068672187,"Cluster 1","no random effect","ENV"
1925.95238427492,0.0918775701860245,"Cluster 1","no random effect","ENV"
2007.41409626842,0.10765635668983,"Cluster 1","no random effect","ENV"
1861.70310785514,0.070516416589455,"Cluster 1","no random effect","ENV"
2189.56717308823,0.132322699720176,"Cluster 1","no random effect","ENV"
1780.91285345864,0.0992018646949876,"Cluster 1","no random effect","ENV"
1810.46404746389,0.114613815393756,"Cluster 1","no random effect","ENV"
1902.42484948942,0.0921221558311731,"Cluster 1","no random effect","ENV"
1865.96310271013,0.121566373979332,"Cluster 1","no random effect","ENV"
1864.09004799095,0.0697445128147786,"Cluster 1","no random effect","ENV"
2117.85709662682,0.112287460336695,"Cluster 1","no random effect","ENV"
2001.39531622414,0.0977533672256843,"Cluster 1","no random effect","ENV"
2219.08332070982,0.0722957061103416,"Cluster 1","no random effect","ENV"
2023.1038770646,0.102818689055454,"Cluster 1","no random effect","ENV"
1967.98707832498,0.0916051298752271,"Cluster 1","no random effect","ENV"
1835.50395008227,0.110512407653313,"Cluster 1","no random effect","ENV"
1946.22874857679,0.101180852157519,"Cluster 1","no random effect","ENV"
1981.68117604967,0.0980711412873644,"Cluster 1","no random effect","ENV"
1876.34319574471,0.103511169508319,"Cluster 1","no random effect","ENV"
1798.95979116425,0.118845648500323,"Cluster 1","no random effect","ENV"
2002.64317339721,0.138550343227494,"Cluster 1","no random effect","ENV"
1942.56241660139,0.0595439239003709,"Cluster 1","no random effect","ENV"
2019.83532403928,0.0898969494064643,"Cluster 1","no random effect","ENV"
2007.30335352276,0.0840543755016312,"Cluster 1","no random effect","ENV"
1910.63540776545,0.0745243580734099,"Cluster 1","no random effect","ENV"
1454.79798063125,0.0259988611286874,"Cluster 2","no random effect","ENV"
1480.63939271245,0.022927602742818,"Cluster 2","no random effect","ENV"
1493.88307855448,0.0237883942853065,"Cluster 2","no random effect","ENV"
1491.00485088261,0.0243666273344308,"Cluster 2","no random effect","ENV"
1514.57199943375,0.0283304428566607,"Cluster 2","no random effect","ENV"
1491.98435666287,0.0238349449250927,"Cluster 2","no random effect","ENV"
1473.24095730064,0.0266993170532322,"Cluster 2","no random effect","ENV"
1488.94663912597,0.023187326329158,"Cluster 2","no random effect","ENV"
1470.71323318488,0.0194372884642681,"Cluster 2","no random effect","ENV"
1496.07952266928,0.0225728448704374,"Cluster 2","no random effect","ENV"
1476.90571698336,0.0240377951433691,"Cluster 2","no random effect","ENV"
1499.17884839531,0.0205381843199795,"Cluster 2","no random effect","ENV"
1475.60234750456,0.0308965885022145,"Cluster 2","no random effect","ENV"
1488.63268082907,0.0214026070205168,"Cluster 2","no random effect","ENV"
1488.68321912789,0.0237310798822632,"Cluster 2","no random effect","ENV"
1484.24136147776,0.0290311858401311,"Cluster 2","no random effect","ENV"
1473.45070641555,0.0263126394157479,"Cluster 2","no random effect","ENV"
1491.84062334384,0.0248001436433564,"Cluster 2","no random effect","ENV"
1488.70881843966,0.0261945929363479,"Cluster 2","no random effect","ENV"
1489.59641245457,0.0289976126678365,"Cluster 2","no random effect","ENV"
1498.8735212536,0.0297393671333635,"Cluster 2","no random effect","ENV"
1487.89445174284,0.0265806438650283,"Cluster 2","no random effect","ENV"
1509.40514439106,0.0248777756085211,"Cluster 2","no random effect","ENV"
1498.87922318849,0.0276825346111543,"Cluster 2","no random effect","ENV"
1478.03509018566,0.0259937741321138,"Cluster 2","no random effect","ENV"
1492.77915488379,0.0286377961703859,"Cluster 2","no random effect","ENV"
1480.72506760074,0.0238056102480831,"Cluster 2","no random effect","ENV"
1490.0746259843,0.0233642175794757,"Cluster 2","no random effect","ENV"
1489.73034961985,0.0234968098946678,"Cluster 2","no random effect","ENV"
1503.17596372985,0.0198899970384413,"Cluster 2","no random effect","ENV"
1482.99114254917,0.0214561256954539,"Cluster 2","no random effect","ENV"
1499.10776928547,0.0191213058111295,"Cluster 2","no random effect","ENV"
1481.85102591614,0.0228333319521375,"Cluster 2","no random effect","ENV"
1499.74896825506,0.0203259402661677,"Cluster 2","no random effect","ENV"
1482.30511766647,0.0234689567373681,"Cluster 2","no random effect","ENV"
1490.07166672576,0.0261949309829331,"Cluster 2","no random effect","ENV"
1496.72491827904,0.025734192510083,"Cluster 2","no random effect","ENV"
1490.29865422213,0.0261378694550007,"Cluster 2","no random effect","ENV"
1473.66790522066,0.0240583485423748,"Cluster 2","no random effect","ENV"
1487.2272216904,0.0255163491717738,"Cluster 2","no random effect","ENV"
1494.05544619972,0.027657129565815,"Cluster 2","no random effect","ENV"
1495.05773851371,0.0241974564649433,"Cluster 2","no random effect","ENV"
1504.85402410177,0.0208845514615361,"Cluster 2","no random effect","ENV"
1489.66212413554,0.0267886218541187,"Cluster 2","no random effect","ENV"
1489.6722609801,0.0227198106985033,"Cluster 2","no random effect","ENV"
1484.78830529105,0.0346594279664949,"Cluster 2","no random effect","ENV"
1495.41678931625,0.0317390402258671,"Cluster 2","no random effect","ENV"
1513.89358183892,0.0244437526783369,"Cluster 2","no random effect","ENV"
1486.46584594818,0.0280718883275654,"Cluster 2","no random effect","ENV"
1504.89305284071,0.0272886979821876,"Cluster 2","no random effect","ENV"
1471.11039935005,0.0269937690384258,"Cluster 2","no random effect","ENV"
1494.11765466919,0.0257313046686231,"Cluster 2","no random effect","ENV"
1508.57516348157,0.0282118133729024,"Cluster 2","no random effect","ENV"
1462.38916228367,0.0321809414125939,"Cluster 2","no random effect","ENV"
1489.96091086612,0.0262607744105252,"Cluster 2","no random effect","ENV"
1485.78373062192,0.0235475412192288,"Cluster 2","no random effect","ENV"
1491.94313801526,0.0310109408466797,"Cluster 2","no random effect","ENV"
1478.08547525586,0.0215600076151067,"Cluster 2","no random effect","ENV"
1479.63535906906,0.0297555637230148,"Cluster 2","no random effect","ENV"
1483.17512347893,0.0244242368653112,"Cluster 2","no random effect","ENV"
1471.41799486482,0.0232582952885293,"Cluster 2","no random effect","ENV"
1467.4737087546,0.0226808383090315,"Cluster 2","no random effect","ENV"
1512.99446013642,0.0193880542877589,"Cluster 2","no random effect","ENV"
1505.14900408968,0.0237174700935342,"Cluster 2","no random effect","ENV"
1486.86083552444,0.0252719238605701,"Cluster 2","no random effect","ENV"
1492.70204114523,0.0192630554743349,"Cluster 2","no random effect","ENV"
1506.48215824371,0.0309444499295029,"Cluster 2","no random effect","ENV"
1506.21286068891,0.0237882321351734,"Cluster 2","no random effect","ENV"
1490.78873450455,0.0269431840692815,"Cluster 2","no random effect","ENV"
1477.62450770352,0.0257599150838585,"Cluster 2","no random effect","ENV"
1498.34298688997,0.0246360596256829,"Cluster 2","no random effect","ENV"
1485.98542186032,0.0225455800318935,"Cluster 2","no random effect","ENV"
1492.55106454413,0.0276629889278716,"Cluster 2","no random effect","ENV"
1471.17505356964,0.0184721904732183,"Cluster 2","no random effect","ENV"
1487.22734730148,0.0313926982196051,"Cluster 2","no random effect","ENV"
1477.30310936364,0.0312640083256458,"Cluster 2","no random effect","ENV"
1473.1642348238,0.0211222411028221,"Cluster 2","no random effect","ENV"
1487.11929173625,0.0235868792290263,"Cluster 2","no random effect","ENV"
1482.23732997165,0.0237663620635678,"Cluster 2","no random effect","ENV"
1490.57297144764,0.0284790770935426,"Cluster 2","no random effect","ENV"
1494.05588651134,0.0293840690588214,"Cluster 2","no random effect","ENV"
1494.41365699732,0.0284861348014145,"Cluster 2","no random effect","ENV"
1497.30890810058,0.0296595068721496,"Cluster 2","no random effect","ENV"
1497.18654351574,0.0227125016248144,"Cluster 2","no random effect","ENV"
1494.96632839849,0.0210252434123024,"Cluster 2","no random effect","ENV"
1505.27431649585,0.0180524967420376,"Cluster 2","no random effect","ENV"
1491.74478037725,0.0282660869749993,"Cluster 2","no random effect","ENV"
1496.48074939873,0.0250213234640459,"Cluster 2","no random effect","ENV"
1473.16457977405,0.028664782712267,"Cluster 2","no random effect","ENV"
1499.82747421557,0.0274680492952761,"Cluster 2","no random effect","ENV"
1487.97118826487,0.0205313098619679,"Cluster 2","no random effect","ENV"
1499.47068088325,0.0231783844000525,"Cluster 2","no random effect","ENV"
1490.09390617593,0.0252605174828971,"Cluster 2","no random effect","ENV"
1498.33262855273,0.0301433181883595,"Cluster 2","no random effect","ENV"
1486.97801393544,0.0173491326557221,"Cluster 2","no random effect","ENV"
1482.16289136521,0.0218815243426897,"Cluster 2","no random effect","ENV"
1498.94094745348,0.0179223963521484,"Cluster 2","no random effect","ENV"
1493.56224374688,0.0252183887938335,"Cluster 2","no random effect","ENV"
1499.25093043142,0.0264560500173969,"Cluster 2","no random effect","ENV"
1482.6691585403,0.0250101081030582,"Cluster 2","no random effect","ENV"
1559.74081894895,0.383108375959343,"Cluster 1","survey","ENV"
1663.27998041269,0.395309518962763,"Cluster 1","survey","ENV"
1587.6628785161,0.391806923020316,"Cluster 1","survey","ENV"
1597.29636156729,0.357444544519374,"Cluster 1","survey","ENV"
1604.42524152578,0.399108036403289,"Cluster 1","survey","ENV"
1559.08607435893,0.401834279174283,"Cluster 1","survey","ENV"
1589.6088293824,0.43509769350447,"Cluster 1","survey","ENV"
1626.97674766441,0.446707291240108,"Cluster 1","survey","ENV"
1580.30486713673,0.363088701245384,"Cluster 1","survey","ENV"
1492.68468242104,0.395209801399076,"Cluster 1","survey","ENV"
1651.27515724121,0.401021549641596,"Cluster 1","survey","ENV"
1686.43938309843,0.363694139029736,"Cluster 1","survey","ENV"
1679.53603228825,0.347647152145453,"Cluster 1","survey","ENV"
1692.39827332461,0.354851707063283,"Cluster 1","survey","ENV"
1572.87265013964,0.351820689177397,"Cluster 1","survey","ENV"
1519.97014801832,0.376096868341878,"Cluster 1","survey","ENV"
1758.96106787518,0.411095033640075,"Cluster 1","survey","ENV"
1676.01246129042,0.379429631227336,"Cluster 1","survey","ENV"
1612.85608432915,0.354536117647609,"Cluster 1","survey","ENV"
1698.20422799172,0.3515988143925,"Cluster 1","survey","ENV"
1568.06245346696,0.368579955149939,"Cluster 1","survey","ENV"
1503.66384933121,0.439664605561175,"Cluster 1","survey","ENV"
1684.78525271375,0.450491257885387,"Cluster 1","survey","ENV"
1658.46339839925,0.354210384966694,"Cluster 1","survey","ENV"
1647.20804125933,0.315809387684429,"Cluster 1","survey","ENV"
1635.19846428474,0.389797943897777,"Cluster 1","survey","ENV"
1606.1451595519,0.402537494686299,"Cluster 1","survey","ENV"
1548.42272848922,0.385703022392434,"Cluster 1","survey","ENV"
1585.72907622706,0.399107401625765,"Cluster 1","survey","ENV"
1662.74638133796,0.410912323335511,"Cluster 1","survey","ENV"
1520.23983440071,0.357244026470485,"Cluster 1","survey","ENV"
1700.7402103022,0.432879646933044,"Cluster 1","survey","ENV"
1493.77740916982,0.388848991967245,"Cluster 1","survey","ENV"
1697.68490876714,0.376040758769928,"Cluster 1","survey","ENV"
1640.55350900716,0.365446796914824,"Cluster 1","survey","ENV"
1660.48761338852,0.366418444555413,"Cluster 1","survey","ENV"
1549.41891663839,0.361861722386093,"Cluster 1","survey","ENV"
1557.83845448077,0.37244298961056,"Cluster 1","survey","ENV"
1598.07502555502,0.412496051172634,"Cluster 1","survey","ENV"
1519.90498913433,0.426819316325561,"Cluster 1","survey","ENV"
1502.02181327654,0.38401079523029,"Cluster 1","survey","ENV"
1564.75175957706,0.430632939982556,"Cluster 1","survey","ENV"
1669.09913767595,0.325032017697282,"Cluster 1","survey","ENV"
1536.59350830184,0.439559281463412,"Cluster 1","survey","ENV"
1548.800120404,0.365137688149387,"Cluster 1","survey","ENV"
1646.18671772261,0.428085575534405,"Cluster 1","survey","ENV"
1660.50138915357,0.359699547257749,"Cluster 1","survey","ENV"
1601.83499959385,0.431958205229669,"Cluster 1","survey","ENV"
1638.17740738144,0.381086743117379,"Cluster 1","survey","ENV"
1613.66469267675,0.395602711426617,"Cluster 1","survey","ENV"
1711.68768556559,0.356078414387726,"Cluster 1","survey","ENV"
1657.96762635556,0.387865459984855,"Cluster 1","survey","ENV"
1525.32695855641,0.365533407550619,"Cluster 1","survey","ENV"
1777.15536543408,0.397124651836369,"Cluster 1","survey","ENV"
1720.73223462804,0.425468857629039,"Cluster 1","survey","ENV"
1587.45099046808,0.346330227631849,"Cluster 1","survey","ENV"
1648.94234413521,0.344678068482707,"Cluster 1","survey","ENV"
1668.6099855733,0.389454054897543,"Cluster 1","survey","ENV"
1482.01163179613,0.411130362218825,"Cluster 1","survey","ENV"
1637.95877894535,0.383983549268344,"Cluster 1","survey","ENV"
1530.1422954882,0.380558955782088,"Cluster 1","survey","ENV"
1598.62548776579,0.341254443764453,"Cluster 1","survey","ENV"
1458.45393571373,0.420800657651577,"Cluster 1","survey","ENV"
1567.06276230567,0.337195809478175,"Cluster 1","survey","ENV"
1620.44730662386,0.352446031660549,"Cluster 1","survey","ENV"
1541.37008979876,0.350572842689769,"Cluster 1","survey","ENV"
1680.13439591488,0.319428702214295,"Cluster 1","survey","ENV"
1682.73146157553,0.293160160455471,"Cluster 1","survey","ENV"
1558.9618422402,0.357786728512312,"Cluster 1","survey","ENV"
1573.64528939944,0.376196327991976,"Cluster 1","survey","ENV"
1576.75231630856,0.407489567731846,"Cluster 1","survey","ENV"
1631.86262350409,0.365422672467422,"Cluster 1","survey","ENV"
1479.01674804099,0.380845160722066,"Cluster 1","survey","ENV"
1627.58989911648,0.431897093196058,"Cluster 1","survey","ENV"
1632.33516053518,0.384628839456509,"Cluster 1","survey","ENV"
1592.35201545604,0.340333738028282,"Cluster 1","survey","ENV"
1630.39553867722,0.349559246492656,"Cluster 1","survey","ENV"
1675.09339750806,0.375797615588579,"Cluster 1","survey","ENV"
1540.03955268346,0.355404195742713,"Cluster 1","survey","ENV"
1749.58285939895,0.469124719485371,"Cluster 1","survey","ENV"
1528.17136406089,0.344949988024995,"Cluster 1","survey","ENV"
1547.28301264826,0.355222859413981,"Cluster 1","survey","ENV"
1571.87415634198,0.387170065602804,"Cluster 1","survey","ENV"
1500.21706865278,0.431241455247004,"Cluster 1","survey","ENV"
1557.95145064934,0.35180096412978,"Cluster 1","survey","ENV"
1712.97320016461,0.427192002617972,"Cluster 1","survey","ENV"
1663.29883473392,0.384218058711566,"Cluster 1","survey","ENV"
1782.97942257362,0.406968150802318,"Cluster 1","survey","ENV"
1700.89493718152,0.363546031062649,"Cluster 1","survey","ENV"
1627.07324773641,0.378553837992466,"Cluster 1","survey","ENV"
1500.4153249978,0.402970927728551,"Cluster 1","survey","ENV"
1581.21825724842,0.407739831654067,"Cluster 1","survey","ENV"
1551.18392625457,0.455513405785604,"Cluster 1","survey","ENV"
1539.82942981248,0.395701829877987,"Cluster 1","survey","ENV"
1526.45957050731,0.370339599766721,"Cluster 1","survey","ENV"
1654.99986688712,0.398204248749916,"Cluster 1","survey","ENV"
1628.69437847244,0.337234765666269,"Cluster 1","survey","ENV"
1625.19240324528,0.426617710171793,"Cluster 1","survey","ENV"
1651.81194348148,0.375143682372373,"Cluster 1","survey","ENV"
1564.36217445182,0.370540442445635,"Cluster 1","survey","ENV"
1418.45820683847,0.0745842755810419,"Cluster 2","survey","ENV"
1443.05993514664,0.0720769472418844,"Cluster 2","survey","ENV"
1446.95885473634,0.0840906061761781,"Cluster 2","survey","ENV"
1443.94626377324,0.0850436827862572,"Cluster 2","survey","ENV"
1466.35543687052,0.0895102647104308,"Cluster 2","survey","ENV"
1446.96556981028,0.0818296643412575,"Cluster 2","survey","ENV"
1439.11354731705,0.0716867063813014,"Cluster 2","survey","ENV"
1450.87622601345,0.072727172214521,"Cluster 2","survey","ENV"
1432.44499403419,0.0697841474816649,"Cluster 2","survey","ENV"
1461.77013179438,0.0681209877842357,"Cluster 2","survey","ENV"
1427.31477391427,0.088933243181179,"Cluster 2","survey","ENV"
1447.34164469183,0.087031800848036,"Cluster 2","survey","ENV"
1431.56727775145,0.0877295724425849,"Cluster 2","survey","ENV"
1450.74744860851,0.0707020216885586,"Cluster 2","survey","ENV"
1454.59275233373,0.0690087366799026,"Cluster 2","survey","ENV"
1435.60306234369,0.0919693008353713,"Cluster 2","survey","ENV"
1435.12159147504,0.0762748335145919,"Cluster 2","survey","ENV"
1449.31404995835,0.0796042671522251,"Cluster 2","survey","ENV"
1440.2779798658,0.0890401619132798,"Cluster 2","survey","ENV"
1447.81693225523,0.0826725277374178,"Cluster 2","survey","ENV"
1450.75607525465,0.0916100923622003,"Cluster 2","survey","ENV"
1446.43091142879,0.0802291901225389,"Cluster 2","survey","ENV"
1461.03839959509,0.0868772295332216,"Cluster 2","survey","ENV"
1457.69204971857,0.0801100207883768,"Cluster 2","survey","ENV"
1425.9500659414,0.0944024075635879,"Cluster 2","survey","ENV"
1449.95834373323,0.0837917230554577,"Cluster 2","survey","ENV"
1445.00992072222,0.071073345181421,"Cluster 2","survey","ENV"
1448.7216857443,0.076722686778811,"Cluster 2","survey","ENV"
1444.48503350963,0.0809619457232767,"Cluster 2","survey","ENV"
1457.82389986798,0.0776011358582756,"Cluster 2","survey","ENV"
1447.84435683643,0.0672895692638514,"Cluster 2","survey","ENV"
1455.94327654801,0.0742332388650374,"Cluster 2","survey","ENV"
1440.71282532906,0.0765850391491719,"Cluster 2","survey","ENV"
1458.82414056208,0.0727759347284845,"Cluster 2","survey","ENV"
1440.61020340857,0.077571236242224,"Cluster 2","survey","ENV"
1449.72904886705,0.0781053307739497,"Cluster 2","survey","ENV"
1451.60430987063,0.0837026753551332,"Cluster 2","survey","ENV"
1441.72170249695,0.089133249399518,"Cluster 2","survey","ENV"
1434.50993204076,0.075361259044984,"Cluster 2","survey","ENV"
1440.12078528096,0.0864789740434242,"Cluster 2","survey","ENV"
1443.4922101099,0.0935040666187604,"Cluster 2","survey","ENV"
1453.72714373023,0.0776095922615228,"Cluster 2","survey","ENV"
1468.20125103435,0.0682463817216948,"Cluster 2","survey","ENV"
1441.48280977181,0.0892984212476437,"Cluster 2","survey","ENV"
1449.34337471159,0.0748464157267638,"Cluster 2","survey","ENV"
1441.10539455863,0.0896094811865113,"Cluster 2","survey","ENV"
1449.61985168965,0.0896903966905666,"Cluster 2","survey","ENV"
1470.36225138862,0.0797260171993635,"Cluster 2","survey","ENV"
1446.44070501128,0.0794166184348663,"Cluster 2","survey","ENV"
1460.07981474658,0.0843884036849676,"Cluster 2","survey","ENV"
1425.71265440848,0.086234153881708,"Cluster 2","survey","ENV"
1454.90174122436,0.0762698654573598,"Cluster 2","survey","ENV"
1462.67303795286,0.0864563980352259,"Cluster 2","survey","ENV"
1418.40665949561,0.0894421078682842,"Cluster 2","survey","ENV"
1447.57486307024,0.0808876549193275,"Cluster 2","survey","ENV"
1447.30834087047,0.0739667286552229,"Cluster 2","survey","ENV"
1441.14711354899,0.0975405352701511,"Cluster 2","survey","ENV"
1438.18802600752,0.0738400753676627,"Cluster 2","survey","ENV"
1435.64217500113,0.0866182191873432,"Cluster 2","survey","ENV"
1435.0689334737,0.0867857464700286,"Cluster 2","survey","ENV"
1425.45127197957,0.0829837965191881,"Cluster 2","survey","ENV"
1431.49593275037,0.0707082459265203,"Cluster 2","survey","ENV"
1464.94452257913,0.0797729807789621,"Cluster 2","survey","ENV"
1455.22935633853,0.0882013517071894,"Cluster 2","survey","ENV"
1447.82961233879,0.076107903439556,"Cluster 2","survey","ENV"
1447.95292467963,0.0763226555423034,"Cluster 2","survey","ENV"
1460.73847386061,0.0889238817669805,"Cluster 2","survey","ENV"
1460.16921448031,0.0826289347516589,"Cluster 2","survey","ENV"
1448.64930703815,0.0811805686525688,"Cluster 2","survey","ENV"
1429.71331363962,0.0882085538195468,"Cluster 2","survey","ENV"
1448.56272981826,0.0890170005326678,"Cluster 2","survey","ENV"
1443.77430167636,0.0770319122819142,"Cluster 2","survey","ENV"
1450.58270986379,0.0817526155734357,"Cluster 2","survey","ENV"
1434.44393118154,0.0672492937559706,"Cluster 2","survey","ENV"
1449.63361059133,0.0790445721407695,"Cluster 2","survey","ENV"
1435.47736183981,0.0849248605571668,"Cluster 2","survey","ENV"
1435.3565061265,0.0710433301977493,"Cluster 2","survey","ENV"
1447.43902034112,0.0751300162854548,"Cluster 2","survey","ENV"
1441.74289322893,0.0764932184687852,"Cluster 2","survey","ENV"
1451.46277312326,0.0787270271781744,"Cluster 2","survey","ENV"
1455.15419550844,0.0788376747733105,"Cluster 2","survey","ENV"
1451.52953998505,0.083712398660545,"Cluster 2","survey","ENV"
1452.95238003865,0.0861936326328061,"Cluster 2","survey","ENV"
1444.89591950254,0.0902732497286809,"Cluster 2","survey","ENV"
1449.25876876936,0.0795421497835305,"Cluster 2","survey","ENV"
1465.9090618873,0.0682108388213122,"Cluster 2","survey","ENV"
1446.47455410608,0.0866263465956806,"Cluster 2","survey","ENV"
1455.17575079272,0.0781022086874718,"Cluster 2","survey","ENV"
1427.93875204196,0.0874452566573168,"Cluster 2","survey","ENV"
1458.17247699515,0.0804473999739264,"Cluster 2","survey","ENV"
1447.388935989,0.0729055458251504,"Cluster 2","survey","ENV"
1450.75987675684,0.0855659590710167,"Cluster 2","survey","ENV"
1445.79679337879,0.0823604253496585,"Cluster 2","survey","ENV"
1451.24263318415,0.0903689533695829,"Cluster 2","survey","ENV"
1443.23638874606,0.0730841867502786,"Cluster 2","survey","ENV"
1438.7116992419,0.0781207263057477,"Cluster 2","survey","ENV"
1464.69413065362,0.0631600340935477,"Cluster 2","survey","ENV"
1455.01839111893,0.0749659408124897,"Cluster 2","survey","ENV"
1458.28442453247,0.0792922924023634,"Cluster 2","survey","ENV"
1442.12297825504,0.0778345210127544,"Cluster 2","survey","ENV"
1688.73851801676,0.276869760565034,"Cluster 1","no random effect","MGMT"
1875.705778757,0.229308136761911,"Cluster 1","no random effect","MGMT"
1790.44306994243,0.226337982965018,"Cluster 1","no random effect","MGMT"
1779.18937573344,0.203270530519203,"Cluster 1","no random effect","MGMT"
1848.45038167286,0.200023997809779,"Cluster 1","no random effect","MGMT"
1791.55841808693,0.211765813489068,"Cluster 1","no random effect","MGMT"
1862.38810998435,0.211185808205585,"Cluster 1","no random effect","MGMT"
1853.9329539175,0.27012554995765,"Cluster 1","no random effect","MGMT"
1756.92582332219,0.214398413333395,"Cluster 1","no random effect","MGMT"
1722.1037288096,0.200495675660104,"Cluster 1","no random effect","MGMT"
1820.8197337069,0.269295829841662,"Cluster 1","no random effect","MGMT"
1865.5354406475,0.222435016626063,"Cluster 1","no random effect","MGMT"
1859.4865213361,0.199681170044201,"Cluster 1","no random effect","MGMT"
1862.6900262268,0.217486488242485,"Cluster 1","no random effect","MGMT"
1757.47009528611,0.194078172716556,"Cluster 1","no random effect","MGMT"
1764.32878510471,0.177352535959052,"Cluster 1","no random effect","MGMT"
1983.02154842365,0.24346293178354,"Cluster 1","no random effect","MGMT"
1847.40083458536,0.250877326275487,"Cluster 1","no random effect","MGMT"
1683.42400626133,0.297972023951298,"Cluster 1","no random effect","MGMT"
1899.12457028858,0.191812833343249,"Cluster 1","no random effect","MGMT"
1798.85730657789,0.174332335173744,"Cluster 1","no random effect","MGMT"
1776.91602218216,0.212795904044219,"Cluster 1","no random effect","MGMT"
1891.41832121466,0.297054778175599,"Cluster 1","no random effect","MGMT"
1778.41742551747,0.264065368230395,"Cluster 1","no random effect","MGMT"
1770.47012743865,0.202666884792164,"Cluster 1","no random effect","MGMT"
1851.24100452974,0.216612612818494,"Cluster 1","no random effect","MGMT"
1756.65185181806,0.28676671251878,"Cluster 1","no random effect","MGMT"
1799.28932782874,0.185366424838732,"Cluster 1","no random effect","MGMT"
1781.7294244868,0.241159908459997,"Cluster 1","no random effect","MGMT"
1900.65675508563,0.219258669912621,"Cluster 1","no random effect","MGMT"
1665.9023208255,0.236091755060693,"Cluster 1","no random effect","MGMT"
1952.0841207453,0.212935699910082,"Cluster 1","no random effect","MGMT"
1749.02697314541,0.179144929793223,"Cluster 1","no random effect","MGMT"
1847.45388236687,0.273852537861886,"Cluster 1","no random effect","MGMT"
1863.52910596986,0.18944641733853,"Cluster 1","no random effect","MGMT"
1832.32496169332,0.22677540303085,"Cluster 1","no random effect","MGMT"
1692.93975412036,0.235539854903625,"Cluster 1","no random effect","MGMT"
1726.65188074462,0.227510613203524,"Cluster 1","no random effect","MGMT"
1782.79049347227,0.26861880901086,"Cluster 1","no random effect","MGMT"
1790.09715220042,0.204462987876133,"Cluster 1","no random effect","MGMT"
1672.71222003796,0.233947281113105,"Cluster 1","no random effect","MGMT"
1774.52949411121,0.261196438362534,"Cluster 1","no random effect","MGMT"
1778.39187707508,0.223829914115763,"Cluster 1","no random effect","MGMT"
1745.14555257055,0.256347808081129,"Cluster 1","no random effect","MGMT"
1772.70557470418,0.170869687225171,"Cluster 1","no random effect","MGMT"
1868.8535617347,0.253829232437564,"Cluster 1","no random effect","MGMT"
1827.96826024342,0.223183074709244,"Cluster 1","no random effect","MGMT"
1869.68942038978,0.216926348870479,"Cluster 1","no random effect","MGMT"
1807.35576201755,0.243353462151312,"Cluster 1","no random effect","MGMT"
1829.79318167797,0.224844109505349,"Cluster 1","no random effect","MGMT"
1881.29919460981,0.222966787745641,"Cluster 1","no random effect","MGMT"
1859.03190517405,0.227052037285441,"Cluster 1","no random effect","MGMT"
1720.08231249026,0.196064903069602,"Cluster 1","no random effect","MGMT"
1963.23302421348,0.275667236889802,"Cluster 1","no random effect","MGMT"
1955.53693726216,0.244405395234761,"Cluster 1","no random effect","MGMT"
1730.58414739603,0.224231449674929,"Cluster 1","no random effect","MGMT"
1780.88157778482,0.233652605077596,"Cluster 1","no random effect","MGMT"
1824.7712151234,0.274128714846327,"Cluster 1","no random effect","MGMT"
1659.83389155385,0.259981880245476,"Cluster 1","no random effect","MGMT"
1752.80560443911,0.305593834013792,"Cluster 1","no random effect","MGMT"
1746.89668392165,0.199557536508454,"Cluster 1","no random effect","MGMT"
1787.19979973349,0.181469333198715,"Cluster 1","no random effect","MGMT"
1660.05093428325,0.248970696739793,"Cluster 1","no random effect","MGMT"
1683.69905988832,0.228600161075738,"Cluster 1","no random effect","MGMT"
1767.69253103811,0.222240007442869,"Cluster 1","no random effect","MGMT"
1715.05273318444,0.189598591226109,"Cluster 1","no random effect","MGMT"
1740.8369404744,0.251260507519325,"Cluster 1","no random effect","MGMT"
1803.59191347796,0.176571050456463,"Cluster 1","no random effect","MGMT"
1692.06330113114,0.24144166538646,"Cluster 1","no random effect","MGMT"
1775.20269031922,0.206159402075719,"Cluster 1","no random effect","MGMT"
1800.00501589933,0.227909132099231,"Cluster 1","no random effect","MGMT"
1781.20361109281,0.245442644186865,"Cluster 1","no random effect","MGMT"
1638.08156681278,0.230353442768833,"Cluster 1","no random effect","MGMT"
1850.65441890555,0.268654217162937,"Cluster 1","no random effect","MGMT"
1814.86701127964,0.240502782558823,"Cluster 1","no random effect","MGMT"
1719.08148218837,0.205303229914405,"Cluster 1","no random effect","MGMT"
1754.57681002588,0.24515879185619,"Cluster 1","no random effect","MGMT"
1858.35266678972,0.22994918475444,"Cluster 1","no random effect","MGMT"
1681.90918818992,0.233200217807517,"Cluster 1","no random effect","MGMT"
2028.63458912388,0.24868918377854,"Cluster 1","no random effect","MGMT"
1721.16593356182,0.176568453716923,"Cluster 1","no random effect","MGMT"
1679.01170756792,0.240416044541374,"Cluster 1","no random effect","MGMT"
1759.89893978074,0.224899827979473,"Cluster 1","no random effect","MGMT"
1745.51752333164,0.22705732282091,"Cluster 1","no random effect","MGMT"
1752.6819195063,0.185460635069034,"Cluster 1","no random effect","MGMT"
1880.2804661966,0.330391904551755,"Cluster 1","no random effect","MGMT"
1881.53525026691,0.200637989403658,"Cluster 1","no random effect","MGMT"
2006.63688826473,0.245180181964361,"Cluster 1","no random effect","MGMT"
1883.41532881026,0.220977268287329,"Cluster 1","no random effect","MGMT"
1817.31264305329,0.22430632802587,"Cluster 1","no random effect","MGMT"
1768.96078347021,0.184560678010182,"Cluster 1","no random effect","MGMT"
1767.70970140762,0.263137672621996,"Cluster 1","no random effect","MGMT"
1802.6010035025,0.250174744682027,"Cluster 1","no random effect","MGMT"
1730.53507696176,0.23628498369137,"Cluster 1","no random effect","MGMT"
1709.35483590535,0.206764665670901,"Cluster 1","no random effect","MGMT"
1832.83580208766,0.274039565508448,"Cluster 1","no random effect","MGMT"
1740.5054197628,0.239735329549063,"Cluster 1","no random effect","MGMT"
1829.3065766979,0.26224219890799,"Cluster 1","no random effect","MGMT"
1787.30291533286,0.277016512298792,"Cluster 1","no random effect","MGMT"
1742.74280548463,0.215973934345489,"Cluster 1","no random effect","MGMT"
1418.03897407664,0.0746630830890312,"Cluster 2","no random effect","MGMT"
1444.20401174009,0.0704504518349809,"Cluster 2","no random effect","MGMT"
1454.62701200222,0.0743611935382356,"Cluster 2","no random effect","MGMT"
1448.43173039494,0.0793802162736367,"Cluster 2","no random effect","MGMT"
1479.69814518196,0.0729837929547971,"Cluster 2","no random effect","MGMT"
1455.46314411081,0.0710523254981822,"Cluster 2","no random effect","MGMT"
1447.4186529075,0.0612726805423502,"Cluster 2","no random effect","MGMT"
1449.65306617375,0.0739784695850858,"Cluster 2","no random effect","MGMT"
1423.06709673439,0.0808362219305717,"Cluster 2","no random effect","MGMT"
1455.3205134682,0.074896544513333,"Cluster 2","no random effect","MGMT"
1436.11528790179,0.0772979607131719,"Cluster 2","no random effect","MGMT"
1454.10722151086,0.0785813255352601,"Cluster 2","no random effect","MGMT"
1444.05875166554,0.0714515178216449,"Cluster 2","no random effect","MGMT"
1446.47052930211,0.0759007441681733,"Cluster 2","no random effect","MGMT"
1454.9217117825,0.0677039877748752,"Cluster 2","no random effect","MGMT"
1446.3730394866,0.0778780924607614,"Cluster 2","no random effect","MGMT"
1443.08971001464,0.0664335199038336,"Cluster 2","no random effect","MGMT"
1458.03930054704,0.068553540444501,"Cluster 2","no random effect","MGMT"
1445.70256002559,0.0819220314454577,"Cluster 2","no random effect","MGMT"
1454.44069688446,0.0740011005635526,"Cluster 2","no random effect","MGMT"
1464.85005389558,0.0730395205936702,"Cluster 2","no random effect","MGMT"
1448.20333942575,0.0782345279486873,"Cluster 2","no random effect","MGMT"
1467.2751249667,0.0791420479895592,"Cluster 2","no random effect","MGMT"
1454.04958481041,0.085356643643328,"Cluster 2","no random effect","MGMT"
1442.71746590377,0.0719315898835421,"Cluster 2","no random effect","MGMT"
1464.39884714878,0.0658160190902239,"Cluster 2","no random effect","MGMT"
1444.01014963321,0.0717947654567022,"Cluster 2","no random effect","MGMT"
1457.68329854829,0.065345495902465,"Cluster 2","no random effect","MGMT"
1451.56867381855,0.072452725155302,"Cluster 2","no random effect","MGMT"
1458.26663487954,0.0770845718828799,"Cluster 2","no random effect","MGMT"
1446.70537158078,0.0684713782535944,"Cluster 2","no random effect","MGMT"
1454.58085270994,0.075896469315038,"Cluster 2","no random effect","MGMT"
1439.54470903204,0.0775681462049333,"Cluster 2","no random effect","MGMT"
1456.1515538358,0.0760285507186668,"Cluster 2","no random effect","MGMT"
1440.59039722886,0.077582410309404,"Cluster 2","no random effect","MGMT"
1456.12538916403,0.0700689286323547,"Cluster 2","no random effect","MGMT"
1456.9359553826,0.0773214708347777,"Cluster 2","no random effect","MGMT"
1447.42142285832,0.0814498659759688,"Cluster 2","no random effect","MGMT"
1436.19938420552,0.0729249027539556,"Cluster 2","no random effect","MGMT"
1448.19012871162,0.0759649457057172,"Cluster 2","no random effect","MGMT"
1461.42600695933,0.0695048500830202,"Cluster 2","no random effect","MGMT"
1449.6602466375,0.0826879329595465,"Cluster 2","no random effect","MGMT"
1468.45449720012,0.0673580703654314,"Cluster 2","no random effect","MGMT"
1447.52624775188,0.0815983788366867,"Cluster 2","no random effect","MGMT"
1450.60285393027,0.0730969730719569,"Cluster 2","no random effect","MGMT"
1449.85694053513,0.0785826631896083,"Cluster 2","no random effect","MGMT"
1466.81878212408,0.0675631427830509,"Cluster 2","no random effect","MGMT"
1476.05169699679,0.0727112662808073,"Cluster 2","no random effect","MGMT"
1460.37329246353,0.0623587271244882,"Cluster 2","no random effect","MGMT"
1473.23689428652,0.0677511809586344,"Cluster 2","no random effect","MGMT"
1427.08296633054,0.0849704802425068,"Cluster 2","no random effect","MGMT"
1456.87201540956,0.0737900385864248,"Cluster 2","no random effect","MGMT"
1474.9673238045,0.0707464446894379,"Cluster 2","no random effect","MGMT"
1428.2785327688,0.0764677684669255,"Cluster 2","no random effect","MGMT"
1448.77030639075,0.0797144775553303,"Cluster 2","no random effect","MGMT"
1455.03988832086,0.0645185443920309,"Cluster 2","no random effect","MGMT"
1466.06514927512,0.0644533902219931,"Cluster 2","no random effect","MGMT"
1444.8199045509,0.0648341364931226,"Cluster 2","no random effect","MGMT"
1441.72205543876,0.0787508180945759,"Cluster 2","no random effect","MGMT"
1448.32686049448,0.0697562706059067,"Cluster 2","no random effect","MGMT"
1433.54442501169,0.0726859289034251,"Cluster 2","no random effect","MGMT"
1433.42645940748,0.0675208908928581,"Cluster 2","no random effect","MGMT"
1472.39513543465,0.0704152940250824,"Cluster 2","no random effect","MGMT"
1471.99680091425,0.0660619803255112,"Cluster 2","no random effect","MGMT"
1447.47169313964,0.0762993477812351,"Cluster 2","no random effect","MGMT"
1451.08421996407,0.0721836401094225,"Cluster 2","no random effect","MGMT"
1473.3172791016,0.0726589866259352,"Cluster 2","no random effect","MGMT"
1467.1418967821,0.0737791022847195,"Cluster 2","no random effect","MGMT"
1452.79647770418,0.0757974179356167,"Cluster 2","no random effect","MGMT"
1439.73436631201,0.0751347313811642,"Cluster 2","no random effect","MGMT"
1456.47525635765,0.0784477444053935,"Cluster 2","no random effect","MGMT"
1437.92954257686,0.0853431981587542,"Cluster 2","no random effect","MGMT"
1446.36119800262,0.0884719145566232,"Cluster 2","no random effect","MGMT"
1435.32327823166,0.0645205140015112,"Cluster 2","no random effect","MGMT"
1447.84593309015,0.0815094397034065,"Cluster 2","no random effect","MGMT"
1451.1833045272,0.0654873703502064,"Cluster 2","no random effect","MGMT"
1440.38475416705,0.0641710768615862,"Cluster 2","no random effect","MGMT"
1455.46888713915,0.0651027955053067,"Cluster 2","no random effect","MGMT"
1452.14055292638,0.0638835240737163,"Cluster 2","no random effect","MGMT"
1462.06687000172,0.0661651448352221,"Cluster 2","no random effect","MGMT"
1455.59216682894,0.0787642035571868,"Cluster 2","no random effect","MGMT"
1459.89224716924,0.0726195475582747,"Cluster 2","no random effect","MGMT"
1464.95575525879,0.0708049325434299,"Cluster 2","no random effect","MGMT"
1449.32226660455,0.0845328793572691,"Cluster 2","no random effect","MGMT"
1457.45273366123,0.0691490934229651,"Cluster 2","no random effect","MGMT"
1460.87754899372,0.0738300579150192,"Cluster 2","no random effect","MGMT"
1452.30129691593,0.0791872767379057,"Cluster 2","no random effect","MGMT"
1461.88194975224,0.0697164978423151,"Cluster 2","no random effect","MGMT"
1435.99699743983,0.076944059975909,"Cluster 2","no random effect","MGMT"
1464.77591142239,0.0725586890304439,"Cluster 2","no random effect","MGMT"
1453.18990636909,0.0651260595795281,"Cluster 2","no random effect","MGMT"
1460.93949508262,0.0725361016995525,"Cluster 2","no random effect","MGMT"
1450.66123064174,0.076166301557973,"Cluster 2","no random effect","MGMT"
1472.37858035011,0.0635019590011815,"Cluster 2","no random effect","MGMT"
1445.09084016359,0.0707918015373405,"Cluster 2","no random effect","MGMT"
1449.10425911939,0.065246405652859,"Cluster 2","no random effect","MGMT"
1450.42666761864,0.079740436459047,"Cluster 2","no random effect","MGMT"
1461.32947104775,0.0667389728987216,"Cluster 2","no random effect","MGMT"
1467.89602625901,0.0666668580751837,"Cluster 2","no random effect","MGMT"
1443.96653180518,0.0755512452837133,"Cluster 2","no random effect","MGMT"
1481.81616127454,0.443125356431934,"Cluster 1","survey","MGMT"
1606.19691265368,0.435865754642495,"Cluster 1","survey","MGMT"
1559.46132917386,0.413128192079951,"Cluster 1","survey","MGMT"
1554.72227632919,0.391813223211293,"Cluster 1","survey","MGMT"
1564.85435704859,0.429077708320764,"Cluster 1","survey","MGMT"
1526.16659561264,0.426184507544714,"Cluster 1","survey","MGMT"
1552.68376984133,0.455312451045375,"Cluster 1","survey","MGMT"
1568.30043042548,0.484020036034344,"Cluster 1","survey","MGMT"
1527.80946569429,0.406777820120485,"Cluster 1","survey","MGMT"
1460.22468813451,0.421123350647166,"Cluster 1","survey","MGMT"
1575.77769187769,0.455799367090361,"Cluster 1","survey","MGMT"
1602.1303424629,0.424503622337783,"Cluster 1","survey","MGMT"
1599.65761899804,0.405266050958545,"Cluster 1","survey","MGMT"
1622.63420932225,0.407030293244662,"Cluster 1","survey","MGMT"
1528.29098906372,0.387804113879086,"Cluster 1","survey","MGMT"
1475.0068812692,0.413355736565242,"Cluster 1","survey","MGMT"
1697.40659527946,0.450685087072604,"Cluster 1","survey","MGMT"
1588.54341185891,0.448674595322453,"Cluster 1","survey","MGMT"
1501.03189224067,0.437840526396051,"Cluster 1","survey","MGMT"
1648.32606646685,0.388999349416407,"Cluster 1","survey","MGMT"
1557.64124450175,0.378790078728712,"Cluster 1","survey","MGMT"
1470.80918638392,0.462250917079668,"Cluster 1","survey","MGMT"
1593.70666543983,0.517513363257891,"Cluster 1","survey","MGMT"
1554.17143975606,0.438026090186733,"Cluster 1","survey","MGMT"
1591.7727116363,0.362991532026382,"Cluster 1","survey","MGMT"
1589.71170848608,0.422531724590554,"Cluster 1","survey","MGMT"
1528.65845988728,0.459706332454579,"Cluster 1","survey","MGMT"
1519.64715131762,0.40945185369812,"Cluster 1","survey","MGMT"
1527.80780776731,0.442301378882483,"Cluster 1","survey","MGMT"
1619.05235654444,0.439617315544486,"Cluster 1","survey","MGMT"
1474.86269118382,0.397034959507538,"Cluster 1","survey","MGMT"
1672.72336236072,0.439731522721127,"Cluster 1","survey","MGMT"
1473.03776540595,0.408147383547127,"Cluster 1","survey","MGMT"
1624.23804469109,0.429188290200748,"Cluster 1","survey","MGMT"
1605.51161861617,0.393262186617328,"Cluster 1","survey","MGMT"
1539.41191482666,0.45550726768705,"Cluster 1","survey","MGMT"
1508.34775865495,0.397210312895328,"Cluster 1","survey","MGMT"
1503.03325086148,0.414531933450798,"Cluster 1","survey","MGMT"
1528.47565392062,0.463846989930177,"Cluster 1","survey","MGMT"
1452.98115226573,0.48098917320701,"Cluster 1","survey","MGMT"
1437.47600613832,0.434273547262572,"Cluster 1","survey","MGMT"
1517.07163374212,0.460858935959285,"Cluster 1","survey","MGMT"
1584.35626949541,0.387737270641219,"Cluster 1","survey","MGMT"
1482.65544194344,0.479677055972309,"Cluster 1","survey","MGMT"
1535.6125925539,0.378412240216528,"Cluster 1","survey","MGMT"
1588.49888211275,0.463973489791587,"Cluster 1","survey","MGMT"
1612.94823904706,0.39623594436983,"Cluster 1","survey","MGMT"
1554.03567013503,0.4657951479056,"Cluster 1","survey","MGMT"
1565.84312374612,0.43394506815337,"Cluster 1","survey","MGMT"
1547.88078145155,0.44391111482987,"Cluster 1","survey","MGMT"
1653.3212050579,0.399192406431482,"Cluster 1","survey","MGMT"
1584.11533775376,0.444975750434632,"Cluster 1","survey","MGMT"
1518.55451541679,0.378469898049162,"Cluster 1","survey","MGMT"
1697.33223714,0.457354537648097,"Cluster 1","survey","MGMT"
1658.56811729565,0.461659303526112,"Cluster 1","survey","MGMT"
1535.2340627556,0.387418411318796,"Cluster 1","survey","MGMT"
1595.72154531156,0.386276161380587,"Cluster 1","survey","MGMT"
1562.50967671876,0.46736052472121,"Cluster 1","survey","MGMT"
1438.11110173094,0.445684659363231,"Cluster 1","survey","MGMT"
1547.98233630617,0.449657215155801,"Cluster 1","survey","MGMT"
1493.64104847287,0.41386031707167,"Cluster 1","survey","MGMT"
1494.0798992765,0.421536384858713,"Cluster 1","survey","MGMT"
1388.60971902021,0.47536418045984,"Cluster 1","survey","MGMT"
1480.73102108372,0.404907192201809,"Cluster 1","survey","MGMT"
1576.09045967446,0.389660491891076,"Cluster 1","survey","MGMT"
1494.53882230965,0.38483820478329,"Cluster 1","survey","MGMT"
1545.44612650277,0.410066974029127,"Cluster 1","survey","MGMT"
1632.02273565105,0.331826391946524,"Cluster 1","survey","MGMT"
1502.52524279576,0.403814384150839,"Cluster 1","survey","MGMT"
1505.52452966598,0.428597675872563,"Cluster 1","survey","MGMT"
1513.70959744696,0.455628711441705,"Cluster 1","survey","MGMT"
1556.44907829388,0.423432735600676,"Cluster 1","survey","MGMT"
1405.07892629925,0.437477509395529,"Cluster 1","survey","MGMT"
1556.830034483,0.481430372031038,"Cluster 1","survey","MGMT"
1582.79011535268,0.421329426690585,"Cluster 1","survey","MGMT"
1469.60439817539,0.419407281900677,"Cluster 1","survey","MGMT"
1562.99870838746,0.401369158849278,"Cluster 1","survey","MGMT"
1593.90268844992,0.437295479166287,"Cluster 1","survey","MGMT"
1471.38219772376,0.411350499509726,"Cluster 1","survey","MGMT"
1700.67029568363,0.485838823744109,"Cluster 1","survey","MGMT"
1508.09610963341,0.36468518741382,"Cluster 1","survey","MGMT"
1504.33584181673,0.39402275063396,"Cluster 1","survey","MGMT"
1560.36752283853,0.39668243945009,"Cluster 1","survey","MGMT"
1461.86121152534,0.460190129090985,"Cluster 1","survey","MGMT"
1512.37551110166,0.390324928552968,"Cluster 1","survey","MGMT"
1624.24025479865,0.490600514675225,"Cluster 1","survey","MGMT"
1610.16017012028,0.419599714789201,"Cluster 1","survey","MGMT"
1702.74417367904,0.470703069631378,"Cluster 1","survey","MGMT"
1622.18756774243,0.421686395160393,"Cluster 1","survey","MGMT"
1584.66112481384,0.412537721437185,"Cluster 1","survey","MGMT"
1500.92871580446,0.403778175761686,"Cluster 1","survey","MGMT"
1534.90527230182,0.442046503415653,"Cluster 1","survey","MGMT"
1499.93683359846,0.485149136944015,"Cluster 1","survey","MGMT"
1481.08757860572,0.44067435376518,"Cluster 1","survey","MGMT"
1476.89170269886,0.409492342029248,"Cluster 1","survey","MGMT"
1583.31508240317,0.451745994973817,"Cluster 1","survey","MGMT"
1576.46441254124,0.381841986428536,"Cluster 1","survey","MGMT"
1553.69056917173,0.481239941620193,"Cluster 1","survey","MGMT"
1541.06911115219,0.461558609869393,"Cluster 1","survey","MGMT"
1500.73537559256,0.417022341572197,"Cluster 1","survey","MGMT"
1403.33066506595,0.0938687535554204,"Cluster 2","survey","MGMT"
1426.00645642461,0.0937436498140383,"Cluster 2","survey","MGMT"
1432.63543202063,0.10244345841664,"Cluster 2","survey","MGMT"
1434.35635188184,0.0971086620273095,"Cluster 2","survey","MGMT"
1457.06451410498,0.101115226750267,"Cluster 2","survey","MGMT"
1435.12538546572,0.0967634710837003,"Cluster 2","survey","MGMT"
1432.78642346093,0.0802459335649995,"Cluster 2","survey","MGMT"
1435.8625082393,0.0917437190358588,"Cluster 2","survey","MGMT"
1410.95007703489,0.0963324218383042,"Cluster 2","survey","MGMT"
1442.62026987897,0.0909162916114858,"Cluster 2","survey","MGMT"
1417.96424016693,0.100560482820474,"Cluster 2","survey","MGMT"
1432.37393110128,0.106386375069072,"Cluster 2","survey","MGMT"
1427.42220243204,0.0927083566130655,"Cluster 2","survey","MGMT"
1431.16005800367,0.0951839313353701,"Cluster 2","survey","MGMT"
1439.73577618492,0.0869563597830746,"Cluster 2","survey","MGMT"
1425.69100246487,0.104235510113144,"Cluster 2","survey","MGMT"
1428.38612772446,0.0852876759343085,"Cluster 2","survey","MGMT"
1437.27405300313,0.0948506345555298,"Cluster 2","survey","MGMT"
1423.37069591116,0.110560363087836,"Cluster 2","survey","MGMT"
1437.96826995622,0.0948665870033858,"Cluster 2","survey","MGMT"
1442.1261086406,0.101796314730041,"Cluster 2","survey","MGMT"
1432.1043918452,0.0987385261902415,"Cluster 2","survey","MGMT"
1446.32546007292,0.105897476556489,"Cluster 2","survey","MGMT"
1438.80015538058,0.103985540471982,"Cluster 2","survey","MGMT"
1420.44887231045,0.10067299829877,"Cluster 2","survey","MGMT"
1447.21887447615,0.0875750478438591,"Cluster 2","survey","MGMT"
1429.67935169202,0.0904725961163991,"Cluster 2","survey","MGMT"
1440.71779220665,0.0870362038396559,"Cluster 2","survey","MGMT"
1432.02902919348,0.0968394261671442,"Cluster 2","survey","MGMT"
1441.78044225964,0.0977492856672263,"Cluster 2","survey","MGMT"
1433.16671071676,0.0857398087500549,"Cluster 2","survey","MGMT"
1438.90042173404,0.0956614090961704,"Cluster 2","survey","MGMT"
1420.09917614416,0.102380466301529,"Cluster 2","survey","MGMT"
1440.55041689554,0.0955179010717498,"Cluster 2","survey","MGMT"
1422.74636148395,0.100329595350942,"Cluster 2","survey","MGMT"
1436.58440991969,0.0949211492735578,"Cluster 2","survey","MGMT"
1439.50765895934,0.0991507756918885,"Cluster 2","survey","MGMT"
1429.7892846127,0.103631513249394,"Cluster 2","survey","MGMT"
1418.60309097582,0.095473849361183,"Cluster 2","survey","MGMT"
1425.78189214215,0.104723436549629,"Cluster 2","survey","MGMT"
1441.33691328026,0.0949658846389075,"Cluster 2","survey","MGMT"
1435.24616026217,0.100639547700273,"Cluster 2","survey","MGMT"
1453.17527644271,0.0866764864749233,"Cluster 2","survey","MGMT"
1432.12392312893,0.100715276351086,"Cluster 2","survey","MGMT"
1435.1267297067,0.0927856885362895,"Cluster 2","survey","MGMT"
1434.13883245388,0.0981519081784454,"Cluster 2","survey","MGMT"
1446.75316121127,0.0928240917383435,"Cluster 2","survey","MGMT"
1457.09337027343,0.0964766449032825,"Cluster 2","survey","MGMT"
1442.87673066701,0.0843682531862782,"Cluster 2","survey","MGMT"
1456.10482035675,0.0892841213327979,"Cluster 2","survey","MGMT"
1410.95080364957,0.105220560004407,"Cluster 2","survey","MGMT"
1442.40466147895,0.0921907128082176,"Cluster 2","survey","MGMT"
1454.28733152885,0.0967737662834759,"Cluster 2","survey","MGMT"
1411.12309713211,0.0985562322903923,"Cluster 2","survey","MGMT"
1435.19368597317,0.0965653677713132,"Cluster 2","survey","MGMT"
1438.95878608089,0.085428680654295,"Cluster 2","survey","MGMT"
1442.41172942552,0.0936181932118335,"Cluster 2","survey","MGMT"
1431.05570188145,0.0829510066942186,"Cluster 2","survey","MGMT"
1423.42894444886,0.102164805755317,"Cluster 2","survey","MGMT"
1426.94008601653,0.0971264379859508,"Cluster 2","survey","MGMT"
1416.02962033539,0.0952077238116698,"Cluster 2","survey","MGMT"
1417.25235756961,0.0884683832684317,"Cluster 2","survey","MGMT"
1453.57945419342,0.094093806970318,"Cluster 2","survey","MGMT"
1451.77022043179,0.0917886458414232,"Cluster 2","survey","MGMT"
1435.6638981035,0.0912068308917454,"Cluster 2","survey","MGMT"
1431.93582453345,0.0964989249684073,"Cluster 2","survey","MGMT"
1453.23213344442,0.0979543472953286,"Cluster 2","survey","MGMT"
1445.64542448765,0.101289685618921,"Cluster 2","survey","MGMT"
1438.06965442492,0.0945326239246348,"Cluster 2","survey","MGMT"
1419.71000698382,0.100901819216907,"Cluster 2","survey","MGMT"
1436.22900014447,0.104115798248142,"Cluster 2","survey","MGMT"
1425.93885084982,0.0997538250898378,"Cluster 2","survey","MGMT"
1432.41477364886,0.10491318395501,"Cluster 2","survey","MGMT"
1420.77883736759,0.0837701688970852,"Cluster 2","survey","MGMT"
1435.00686683195,0.0974969906976291,"Cluster 2","survey","MGMT"
1434.33747528424,0.0870694562493729,"Cluster 2","survey","MGMT"
1422.40630651226,0.087238760174288,"Cluster 2","survey","MGMT"
1435.27965684849,0.0903538664515111,"Cluster 2","survey","MGMT"
1433.48875119154,0.087580743430313,"Cluster 2","survey","MGMT"
1447.3449884152,0.0851087837225892,"Cluster 2","survey","MGMT"
1441.62844082915,0.0960666432196555,"Cluster 2","survey","MGMT"
1444.35824411351,0.0925440888285624,"Cluster 2","survey","MGMT"
1447.7276620723,0.0925111193757579,"Cluster 2","survey","MGMT"
1428.46698231194,0.111314855256856,"Cluster 2","survey","MGMT"
1439.30426517926,0.0921592856926908,"Cluster 2","survey","MGMT"
1446.48687743749,0.092044468055342,"Cluster 2","survey","MGMT"
1436.62083539505,0.0988284398278184,"Cluster 2","survey","MGMT"
1444.1289830932,0.0920042154547023,"Cluster 2","survey","MGMT"
1418.10466978711,0.0999292556620855,"Cluster 2","survey","MGMT"
1445.9215113892,0.0961624197136074,"Cluster 2","survey","MGMT"
1435.11162230149,0.0882221841792139,"Cluster 2","survey","MGMT"
1441.72566565973,0.0967559322511134,"Cluster 2","survey","MGMT"
1431.27070188788,0.100741509624023,"Cluster 2","survey","MGMT"
1450.59605489638,0.0906010198545632,"Cluster 2","survey","MGMT"
1426.72862655157,0.0943968013404761,"Cluster 2","survey","MGMT"
1428.21168118972,0.0916319045531433,"Cluster 2","survey","MGMT"
1439.24950143696,0.0934006491742888,"Cluster 2","survey","MGMT"
1445.79565121078,0.0866606389179645,"Cluster 2","survey","MGMT"
1449.9771597063,0.0894621273021721,"Cluster 2","survey","MGMT"
1428.13106040964,0.0956930687287017,"Cluster 2","survey","MGMT"
1657.09673508769,0.303691833067646,"Cluster 1","no random effect","COMB"
1850.54042226743,0.249893038291129,"Cluster 1","no random effect","COMB"
1756.92156757149,0.255280334122427,"Cluster 1","no random effect","COMB"
1736.60047631411,0.239241851767061,"Cluster 1","no random effect","COMB"
1848.01745549077,0.205018453622682,"Cluster 1","no random effect","COMB"
1767.59731728951,0.235644844158236,"Cluster 1","no random effect","COMB"
1819.08749576683,0.248262901108531,"Cluster 1","no random effect","COMB"
1817.90363405753,0.296368531357374,"Cluster 1","no random effect","COMB"
1754.61982290268,0.221866040088815,"Cluster 1","no random effect","COMB"
1711.62340505329,0.219879911952949,"Cluster 1","no random effect","COMB"
1805.74798172106,0.278526697252164,"Cluster 1","no random effect","COMB"
1924.01180790997,0.191586893482961,"Cluster 1","no random effect","COMB"
1981.00081367038,0.164035539620478,"Cluster 1","no random effect","COMB"
1837.90555448321,0.238047082664134,"Cluster 1","no random effect","COMB"
1730.79377317948,0.219200244744739,"Cluster 1","no random effect","COMB"
1723.50992692216,0.209100839394766,"Cluster 1","no random effect","COMB"
1969.57829375986,0.25007248142714,"Cluster 1","no random effect","COMB"
1863.18237206895,0.237125956112244,"Cluster 1","no random effect","COMB"
1682.32456271859,0.294733593543793,"Cluster 1","no random effect","COMB"
1872.10204453553,0.213510108592875,"Cluster 1","no random effect","COMB"
1818.62924927131,0.182844848093881,"Cluster 1","no random effect","COMB"
1740.18654225047,0.244221525241586,"Cluster 1","no random effect","COMB"
1856.03974487234,0.331200353013162,"Cluster 1","no random effect","COMB"
1791.38854615578,0.248267662623944,"Cluster 1","no random effect","COMB"
1728.2610138905,0.23590072550642,"Cluster 1","no random effect","COMB"
1921.87348562341,0.18327741539375,"Cluster 1","no random effect","COMB"
1721.71604310079,0.314129209215147,"Cluster 1","no random effect","COMB"
1757.01516973008,0.216777496476663,"Cluster 1","no random effect","COMB"
1746.0480730308,0.271102627166491,"Cluster 1","no random effect","COMB"
1881.3347123579,0.235132325821559,"Cluster 1","no random effect","COMB"
1632.57466683056,0.267273670405139,"Cluster 1","no random effect","COMB"
1914.66031012334,0.246340210161783,"Cluster 1","no random effect","COMB"
1720.31978120748,0.203152801461695,"Cluster 1","no random effect","COMB"
1819.76824315956,0.291797814509909,"Cluster 1","no random effect","COMB"
1852.85804707668,0.200454505214549,"Cluster 1","no random effect","COMB"
1866.49465441342,0.20860084028878,"Cluster 1","no random effect","COMB"
1676.1468706003,0.250796354196876,"Cluster 1","no random effect","COMB"
1698.87722459662,0.252307561267956,"Cluster 1","no random effect","COMB"
1742.60196085321,0.302152053038492,"Cluster 1","no random effect","COMB"
1750.70752212112,0.238408139201338,"Cluster 1","no random effect","COMB"
1647.74013838125,0.256368975901031,"Cluster 1","no random effect","COMB"
1732.95146839267,0.297001935704908,"Cluster 1","no random effect","COMB"
1774.79164446466,0.229863621308725,"Cluster 1","no random effect","COMB"
1723.22554035359,0.276534501180148,"Cluster 1","no random effect","COMB"
1748.65924630195,0.192795469686303,"Cluster 1","no random effect","COMB"
1859.7802715791,0.259484437824452,"Cluster 1","no random effect","COMB"
1818.65388183354,0.231899764312144,"Cluster 1","no random effect","COMB"
1848.21870427481,0.234458719026129,"Cluster 1","no random effect","COMB"
1774.77831479543,0.269741228783658,"Cluster 1","no random effect","COMB"
1802.03352964829,0.248845779437271,"Cluster 1","no random effect","COMB"
1851.73497666961,0.247285389895971,"Cluster 1","no random effect","COMB"
1810.17995449422,0.269795924203046,"Cluster 1","no random effect","COMB"
1690.31277915572,0.223220187164623,"Cluster 1","no random effect","COMB"
1939.41187942633,0.287167036032334,"Cluster 1","no random effect","COMB"
1921.08049291815,0.273651157527151,"Cluster 1","no random effect","COMB"
1727.63544565788,0.230192313325347,"Cluster 1","no random effect","COMB"
1748.94728523904,0.261928696909732,"Cluster 1","no random effect","COMB"
1907.04652933115,0.215433896298769,"Cluster 1","no random effect","COMB"
1613.63424205996,0.301180033173342,"Cluster 1","no random effect","COMB"
1730.24589831624,0.31863980942253,"Cluster 1","no random effect","COMB"
1726.0172587813,0.220201656971791,"Cluster 1","no random effect","COMB"
1886.99112943229,0.146545177143898,"Cluster 1","no random effect","COMB"
1615.27946985372,0.289185246066658,"Cluster 1","no random effect","COMB"
1637.96846284242,0.267549886962332,"Cluster 1","no random effect","COMB"
1730.47662137166,0.254434888231328,"Cluster 1","no random effect","COMB"
1688.35840295201,0.21470692850973,"Cluster 1","no random effect","COMB"
1789.16659940647,0.225838167183636,"Cluster 1","no random effect","COMB"
1762.42112259147,0.208306926375019,"Cluster 1","no random effect","COMB"
1681.05874844177,0.255358406283237,"Cluster 1","no random effect","COMB"
1761.30379889022,0.220410919284425,"Cluster 1","no random effect","COMB"
1779.20308278104,0.246177800322673,"Cluster 1","no random effect","COMB"
1804.51121356937,0.229787240717006,"Cluster 1","no random effect","COMB"
1631.05351244259,0.239422461139143,"Cluster 1","no random effect","COMB"
1815.8146566338,0.2966385374039,"Cluster 1","no random effect","COMB"
1782.06206650371,0.26694034304896,"Cluster 1","no random effect","COMB"
1778.88382893722,0.19572370374289,"Cluster 1","no random effect","COMB"
1738.21156673152,0.259680931738883,"Cluster 1","no random effect","COMB"
1815.88001404869,0.26724124349657,"Cluster 1","no random effect","COMB"
1679.33047828892,0.238194795039175,"Cluster 1","no random effect","COMB"
1981.01124541271,0.284668636130227,"Cluster 1","no random effect","COMB"
1683.85166764794,0.207967962076376,"Cluster 1","no random effect","COMB"
1648.00119201793,0.267770368435314,"Cluster 1","no random effect","COMB"
1733.28125945309,0.24754340413368,"Cluster 1","no random effect","COMB"
1699.60567942875,0.268179162531361,"Cluster 1","no random effect","COMB"
1716.60687146339,0.213803063027669,"Cluster 1","no random effect","COMB"
1848.2653180837,0.347429676845543,"Cluster 1","no random effect","COMB"
1849.54811125379,0.226740028573821,"Cluster 1","no random effect","COMB"
1993.67934425944,0.245099261551827,"Cluster 1","no random effect","COMB"
1842.25716264709,0.254657303320282,"Cluster 1","no random effect","COMB"
1797.69765242599,0.241955099131827,"Cluster 1","no random effect","COMB"
1732.59784856885,0.214053270452193,"Cluster 1","no random effect","COMB"
1737.46007158526,0.288777604409395,"Cluster 1","no random effect","COMB"
1777.02086150446,0.273605485895755,"Cluster 1","no random effect","COMB"
1697.57367227666,0.265186576701282,"Cluster 1","no random effect","COMB"
1659.97547274592,0.248383549294803,"Cluster 1","no random effect","COMB"
1790.59752131738,0.30619278704519,"Cluster 1","no random effect","COMB"
1735.52753156116,0.244494476109062,"Cluster 1","no random effect","COMB"
1810.96908991661,0.273444862362088,"Cluster 1","no random effect","COMB"
1760.77572486055,0.293751389465322,"Cluster 1","no random effect","COMB"
1723.47493470948,0.236104494429692,"Cluster 1","no random effect","COMB"
1402.71601365243,0.0945974306763002,"Cluster 2","no random effect","COMB"
1430.21377604897,0.0884777879962219,"Cluster 2","no random effect","COMB"
1438.90268040849,0.0943333257114837,"Cluster 2","no random effect","COMB"
1433.56625627292,0.0980830968954677,"Cluster 2","no random effect","COMB"
1461.94303240093,0.094978685705851,"Cluster 2","no random effect","COMB"
1438.97085018213,0.0919181219745074,"Cluster 2","no random effect","COMB"
1428.69397617315,0.0848587956931787,"Cluster 2","no random effect","COMB"
1433.3103408302,0.0947055458588794,"Cluster 2","no random effect","COMB"
1412.09518838436,0.0949712764525786,"Cluster 2","no random effect","COMB"
1442.97761053811,0.0904756493498402,"Cluster 2","no random effect","COMB"
1417.75574077543,0.100836329324284,"Cluster 2","no random effect","COMB"
1439.59272334318,0.0966397363407262,"Cluster 2","no random effect","COMB"
1424.9657103211,0.0958575940114514,"Cluster 2","no random effect","COMB"
1432.26731870264,0.0937431338186387,"Cluster 2","no random effect","COMB"
1439.16200101787,0.0878210791369535,"Cluster 2","no random effect","COMB"
1427.34714973817,0.102092217279015,"Cluster 2","no random effect","COMB"
1428.3011561758,0.0858686279392499,"Cluster 2","no random effect","COMB"
1441.74025636723,0.0892738723322252,"Cluster 2","no random effect","COMB"
1429.71694721601,0.102031726313452,"Cluster 2","no random effect","COMB"
1435.38037265434,0.0982167103586666,"Cluster 2","no random effect","COMB"
1447.11116676957,0.0954140592405933,"Cluster 2","no random effect","COMB"
1431.66651094102,0.0989982009398031,"Cluster 2","no random effect","COMB"
1451.52371509564,0.0986255842523506,"Cluster 2","no random effect","COMB"
1436.77499853164,0.106788350822899,"Cluster 2","no random effect","COMB"
1424.96051613928,0.0946614063423254,"Cluster 2","no random effect","COMB"
1443.09723705197,0.0924468017087192,"Cluster 2","no random effect","COMB"
1429.21874255258,0.0908918271920895,"Cluster 2","no random effect","COMB"
1443.59521471536,0.0837438681820236,"Cluster 2","no random effect","COMB"
1435.32763483082,0.0929620373069321,"Cluster 2","no random effect","COMB"
1444.8737934725,0.0938597080641508,"Cluster 2","no random effect","COMB"
1434.71267897096,0.0842723942108101,"Cluster 2","no random effect","COMB"
1442.57113118781,0.0910988812606659,"Cluster 2","no random effect","COMB"
1425.21843222874,0.0958190790388787,"Cluster 2","no random effect","COMB"
1442.47399120992,0.093319833245992,"Cluster 2","no random effect","COMB"
1425.02417201631,0.0973690512464386,"Cluster 2","no random effect","COMB"
1439.66476247959,0.0909545194507522,"Cluster 2","no random effect","COMB"
1438.65888317894,0.100606934312024,"Cluster 2","no random effect","COMB"
1430.20405767629,0.103015895998224,"Cluster 2","no random effect","COMB"
1420.61591685744,0.0930264386930433,"Cluster 2","no random effect","COMB"
1431.56619064546,0.0970459509264582,"Cluster 2","no random effect","COMB"
1443.49951446898,0.0921997425217666,"Cluster 2","no random effect","COMB"
1433.78273419914,0.102607417375819,"Cluster 2","no random effect","COMB"
1456.14190544999,0.0832109923388337,"Cluster 2","no random effect","COMB"
1429.86177524839,0.104157061672098,"Cluster 2","no random effect","COMB"
1436.1622937599,0.0914887323814445,"Cluster 2","no random effect","COMB"
1427.97455488573,0.106447454443081,"Cluster 2","no random effect","COMB"
1447.22052608356,0.0922022734747614,"Cluster 2","no random effect","COMB"
1460.38790642455,0.092221204913069,"Cluster 2","no random effect","COMB"
1441.19531710025,0.0865624718676249,"Cluster 2","no random effect","COMB"
1455.80787518806,0.0896222875729768,"Cluster 2","no random effect","COMB"
1410.07320524418,0.106340896228026,"Cluster 2","no random effect","COMB"
1442.3261220962,0.0923909143455065,"Cluster 2","no random effect","COMB"
1454.73427037374,0.0963069846876725,"Cluster 2","no random effect","COMB"
1408.16094442536,0.102414858705392,"Cluster 2","no random effect","COMB"
1429.52710333226,0.10419884497073,"Cluster 2","no random effect","COMB"
1439.39999672577,0.0844427587150596,"Cluster 2","no random effect","COMB"
1445.77940407227,0.0896868041193419,"Cluster 2","no random effect","COMB"
1430.02961137036,0.0840685217214288,"Cluster 2","no random effect","COMB"
1423.50415646144,0.101897701882056,"Cluster 2","no random effect","COMB"
1432.33964385146,0.090368921429452,"Cluster 2","no random effect","COMB"
1417.56203744236,0.0931662865220284,"Cluster 2","no random effect","COMB"
1420.12732032433,0.0850993606255454,"Cluster 2","no random effect","COMB"
1461.2115953687,0.0848486780196651,"Cluster 2","no random effect","COMB"
1453.6063891052,0.0892127068331823,"Cluster 2","no random effect","COMB"
1429.65518158978,0.0990078701689633,"Cluster 2","no random effect","COMB"
1438.41592337199,0.0885344518743815,"Cluster 2","no random effect","COMB"
1452.33984125945,0.09910219661384,"Cluster 2","no random effect","COMB"
1450.61441915336,0.0944922569250785,"Cluster 2","no random effect","COMB"
1435.94319805974,0.0971732403847763,"Cluster 2","no random effect","COMB"
1420.77119228308,0.0994736789408916,"Cluster 2","no random effect","COMB"
1440.94587746941,0.0979590388356113,"Cluster 2","no random effect","COMB"
1422.67393443967,0.104246619109526,"Cluster 2","no random effect","COMB"
1427.54926370587,0.11236674467096,"Cluster 2","no random effect","COMB"
1424.60278080098,0.0796086419977188,"Cluster 2","no random effect","COMB"
1428.84272068246,0.105479011556534,"Cluster 2","no random effect","COMB"
1431.45137396618,0.0903091276078995,"Cluster 2","no random effect","COMB"
1427.74772355188,0.0811349201875393,"Cluster 2","no random effect","COMB"
1440.42264954969,0.0846326522620831,"Cluster 2","no random effect","COMB"
1439.46043127385,0.0809257969085447,"Cluster 2","no random effect","COMB"
1443.73376047085,0.08912263730531,"Cluster 2","no random effect","COMB"
1435.53419242179,0.104317316716942,"Cluster 2","no random effect","COMB"
1440.76565027996,0.0968883450986193,"Cluster 2","no random effect","COMB"
1444.64349152515,0.0965054780374147,"Cluster 2","no random effect","COMB"
1437.18898573779,0.0993115251651752,"Cluster 2","no random effect","COMB"
1444.51866384285,0.0857976606518852,"Cluster 2","no random effect","COMB"
1448.99881400493,0.0889772126065694,"Cluster 2","no random effect","COMB"
1433.74554937933,0.102615676581239,"Cluster 2","no random effect","COMB"
1446.19079179378,0.0897270697250656,"Cluster 2","no random effect","COMB"
1418.24793735486,0.0995530934651554,"Cluster 2","no random effect","COMB"
1445.94267722255,0.0961103435919547,"Cluster 2","no random effect","COMB"
1439.69588808846,0.0825850695702735,"Cluster 2","no random effect","COMB"
1444.33659562936,0.093546854504252,"Cluster 2","no random effect","COMB"
1434.16864491487,0.0970966829367128,"Cluster 2","no random effect","COMB"
1450.51220758634,0.0906338337804299,"Cluster 2","no random effect","COMB"
1435.10229440169,0.0841465983753656,"Cluster 2","no random effect","COMB"
1435.24232377779,0.0832443479232204,"Cluster 2","no random effect","COMB"
1439.91329144891,0.0925943483758741,"Cluster 2","no random effect","COMB"
1443.3798080572,0.0893161665021417,"Cluster 2","no random effect","COMB"
1447.84023032923,0.092082793731498,"Cluster 2","no random effect","COMB"
1426.890840306,0.0971876209429593,"Cluster 2","no random effect","COMB"
1477.78391866286,0.446094484799301,"Cluster 1","survey","COMB"
1611.75238521078,0.431691704746731,"Cluster 1","survey","COMB"
1557.54435788107,0.414605149700544,"Cluster 1","survey","COMB"
1555.26543442636,0.390725676034212,"Cluster 1","survey","COMB"
1572.67618998308,0.421845769966721,"Cluster 1","survey","COMB"
1520.54456644484,0.43037051404121,"Cluster 1","survey","COMB"
1559.48059009031,0.45031051501029,"Cluster 1","survey","COMB"
1568.4325807584,0.483053560588614,"Cluster 1","survey","COMB"
1537.2821615378,0.400675777852262,"Cluster 1","survey","COMB"
1474.30032757604,0.41191907583653,"Cluster 1","survey","COMB"
1582.47267904058,0.450534878611734,"Cluster 1","survey","COMB"
1636.26923373142,0.40223016262108,"Cluster 1","survey","COMB"
1660.29417771212,0.366817867139394,"Cluster 1","survey","COMB"
1623.62553848717,0.406187924084282,"Cluster 1","survey","COMB"
1529.7835366575,0.38713972589061,"Cluster 1","survey","COMB"
1473.56692900664,0.414584102542223,"Cluster 1","survey","COMB"
1694.75845566571,0.452600909144946,"Cluster 1","survey","COMB"
1611.45247106001,0.426712529486169,"Cluster 1","survey","COMB"
1520.69487800889,0.424025973702222,"Cluster 1","survey","COMB"
1649.09711567967,0.388468005646088,"Cluster 1","survey","COMB"
1579.94300247505,0.370304810421725,"Cluster 1","survey","COMB"
1469.20355894055,0.463119069518245,"Cluster 1","survey","COMB"
1592.9361591784,0.518107899222337,"Cluster 1","survey","COMB"
1578.72860009467,0.418284806002194,"Cluster 1","survey","COMB"
1587.13523134326,0.36624907346206,"Cluster 1","survey","COMB"
1609.84086880366,0.406860819322453,"Cluster 1","survey","COMB"
1528.17319289301,0.459864562966355,"Cluster 1","survey","COMB"
1514.80636634327,0.412874328120615,"Cluster 1","survey","COMB"
1526.29693462152,0.443554649663106,"Cluster 1","survey","COMB"
1620.8848505754,0.438394133305876,"Cluster 1","survey","COMB"
1474.38355575278,0.398231927270727,"Cluster 1","survey","COMB"
1673.82183611986,0.438914492044708,"Cluster 1","survey","COMB"
1473.01052020751,0.407449142952073,"Cluster 1","survey","COMB"
1629.21834411956,0.425544288298897,"Cluster 1","survey","COMB"
1630.18134001203,0.375145660720995,"Cluster 1","survey","COMB"
1577.78824027033,0.427777806714789,"Cluster 1","survey","COMB"
1510.27306855155,0.396295138967678,"Cluster 1","survey","COMB"
1499.29407705916,0.417255293934862,"Cluster 1","survey","COMB"
1525.07581163996,0.465579014517734,"Cluster 1","survey","COMB"
1448.23866999319,0.484729768118579,"Cluster 1","survey","COMB"
1436.56229169679,0.43490333971923,"Cluster 1","survey","COMB"
1514.24506021909,0.462749590425671,"Cluster 1","survey","COMB"
1606.11218325419,0.373508936330306,"Cluster 1","survey","COMB"
1486.69038825465,0.476707228437632,"Cluster 1","survey","COMB"
1535.21404384578,0.378313995478327,"Cluster 1","survey","COMB"
1595.93025341939,0.458453923213869,"Cluster 1","survey","COMB"
1615.86261676858,0.394250569728665,"Cluster 1","survey","COMB"
1558.38014362754,0.462203288217124,"Cluster 1","survey","COMB"
1566.57443940833,0.432862824338184,"Cluster 1","survey","COMB"
1550.17617552779,0.442181372367236,"Cluster 1","survey","COMB"
1652.64254705797,0.399768791300467,"Cluster 1","survey","COMB"
1581.03988135135,0.44800763155635,"Cluster 1","survey","COMB"
1519.45157598465,0.379095915334832,"Cluster 1","survey","COMB"
1698.46746792768,0.455913701932132,"Cluster 1","survey","COMB"
1672.70139052579,0.451727065751786,"Cluster 1","survey","COMB"
1543.02364048521,0.381316743173833,"Cluster 1","survey","COMB"
1590.24551490952,0.390238915344794,"Cluster 1","survey","COMB"
1583.45654824167,0.449633328905006,"Cluster 1","survey","COMB"
1432.92963205246,0.449682227715137,"Cluster 1","survey","COMB"
1545.2528578247,0.451663051540547,"Cluster 1","survey","COMB"
1496.66512404643,0.413425918455166,"Cluster 1","survey","COMB"
1541.34593635286,0.386702679264616,"Cluster 1","survey","COMB"
1385.45580746683,0.477512754918218,"Cluster 1","survey","COMB"
1488.36562929545,0.398949764901223,"Cluster 1","survey","COMB"
1572.40839550591,0.392792557019537,"Cluster 1","survey","COMB"
1495.56545924905,0.384368224596124,"Cluster 1","survey","COMB"
1591.03375239328,0.381968668334268,"Cluster 1","survey","COMB"
1627.61246112056,0.334438123974661,"Cluster 1","survey","COMB"
1501.87562754922,0.4047111444372,"Cluster 1","survey","COMB"
1519.81473081836,0.417156823456588,"Cluster 1","survey","COMB"
1527.35490212348,0.444399946238535,"Cluster 1","survey","COMB"
1566.74000099019,0.414622930419186,"Cluster 1","survey","COMB"
1410.78055034889,0.433612161731579,"Cluster 1","survey","COMB"
1554.87638929527,0.483269662951381,"Cluster 1","survey","COMB"
1579.54768513053,0.423680546645587,"Cluster 1","survey","COMB"
1533.61159211781,0.381118507826126,"Cluster 1","survey","COMB"
1572.09175559912,0.395143672895975,"Cluster 1","survey","COMB"
1601.97285554447,0.431072512812987,"Cluster 1","survey","COMB"
1472.18606670479,0.410626346899481,"Cluster 1","survey","COMB"
1696.62087647388,0.488033958463473,"Cluster 1","survey","COMB"
1511.90103301097,0.362581222266321,"Cluster 1","survey","COMB"
1498.8783208681,0.397737781487813,"Cluster 1","survey","COMB"
1557.05756337192,0.398706160446167,"Cluster 1","survey","COMB"
1457.57181128057,0.463494158027184,"Cluster 1","survey","COMB"
1510.36633495041,0.391633415686405,"Cluster 1","survey","COMB"
1625.0584120586,0.488909476375243,"Cluster 1","survey","COMB"
1621.29125181146,0.411009616964219,"Cluster 1","survey","COMB"
1710.12165337955,0.459788368286813,"Cluster 1","survey","COMB"
1618.26291224488,0.424605813859501,"Cluster 1","survey","COMB"
1587.81218014319,0.411014408951828,"Cluster 1","survey","COMB"
1495.98713788393,0.407653411802994,"Cluster 1","survey","COMB"
1533.07876350894,0.443367594789559,"Cluster 1","survey","COMB"
1504.81635600586,0.482147378044786,"Cluster 1","survey","COMB"
1477.41871606966,0.443451341229451,"Cluster 1","survey","COMB"
1471.22289001106,0.413622465022945,"Cluster 1","survey","COMB"
1580.70305486799,0.452970222118295,"Cluster 1","survey","COMB"
1575.68851639305,0.38199266327446,"Cluster 1","survey","COMB"
1562.891188166,0.473066193566853,"Cluster 1","survey","COMB"
1554.4047064988,0.448665646090813,"Cluster 1","survey","COMB"
1504.49224515114,0.414762880799672,"Cluster 1","survey","COMB"
1387.33950652303,0.11476675336282,"Cluster 2","survey","COMB"
1412.07955058961,0.111527792629783,"Cluster 2","survey","COMB"
1414.9007101995,0.124349733801263,"Cluster 2","survey","COMB"
1413.42337892544,0.12327747500724,"Cluster 2","survey","COMB"
1435.99452900553,0.126877349252829,"Cluster 2","survey","COMB"
1416.57347203717,0.119932402090176,"Cluster 2","survey","COMB"
1412.9164886264,0.105301081423053,"Cluster 2","survey","COMB"
1417.67523113945,0.114500726979276,"Cluster 2","survey","COMB"
1396.89018134904,0.114631633374861,"Cluster 2","survey","COMB"
1429.19176707419,0.108319371050781,"Cluster 2","survey","COMB"
1396.42657461594,0.127763367555752,"Cluster 2","survey","COMB"
1414.67686556276,0.127908682616376,"Cluster 2","survey","COMB"
1403.762307146,0.122572987404349,"Cluster 2","survey","COMB"
1414.94421614246,0.115505946119672,"Cluster 2","survey","COMB"
1423.82418259681,0.107345978693127,"Cluster 2","survey","COMB"
1403.08879248315,0.132584451206329,"Cluster 2","survey","COMB"
1409.93421248893,0.108952303971982,"Cluster 2","survey","COMB"
1419.63964752923,0.116909578579705,"Cluster 2","survey","COMB"
1404.98889985866,0.133280413028135,"Cluster 2","survey","COMB"
1415.46813014917,0.123119555881289,"Cluster 2","survey","COMB"
1421.66541560308,0.12718473041975,"Cluster 2","survey","COMB"
1414.07265050614,0.120965690161718,"Cluster 2","survey","COMB"
1428.0448441539,0.127912669290312,"Cluster 2","survey","COMB"
1419.78403325181,0.127299479353847,"Cluster 2","survey","COMB"
1399.23086100321,0.127382827370339,"Cluster 2","survey","COMB"
1422.31285243405,0.118500133091213,"Cluster 2","survey","COMB"
1414.06411889726,0.110649216817977,"Cluster 2","survey","COMB"
1422.75417282552,0.109841438523595,"Cluster 2","survey","COMB"
1412.47658749622,0.121118904173809,"Cluster 2","survey","COMB"
1425.76651373245,0.117670095211305,"Cluster 2","survey","COMB"
1418.73344690395,0.104398135014382,"Cluster 2","survey","COMB"
1423.47042894592,0.115014648046481,"Cluster 2","survey","COMB"
1406.36156757956,0.119749993102059,"Cluster 2","survey","COMB"
1424.68138050253,0.115398356610686,"Cluster 2","survey","COMB"
1405.41945823067,0.122030893856175,"Cluster 2","survey","COMB"
1419.18405264434,0.116603274407876,"Cluster 2","survey","COMB"
1418.61077571476,0.125246522875579,"Cluster 2","survey","COMB"
1409.01911608298,0.129491537250587,"Cluster 2","survey","COMB"
1402.96678890676,0.115511409482702,"Cluster 2","survey","COMB"
1407.66975231768,0.127103922437645,"Cluster 2","survey","COMB"
1418.14393158951,0.124186150474454,"Cluster 2","survey","COMB"
1417.55983553612,0.122677377208493,"Cluster 2","survey","COMB"
1439.05736321623,0.10472647613995,"Cluster 2","survey","COMB"
1408.63583113171,0.130582137882167,"Cluster 2","survey","COMB"
1418.02456721644,0.114335785854365,"Cluster 2","survey","COMB"
1408.87545348811,0.129849621477391,"Cluster 2","survey","COMB"
1424.01177803745,0.121128064024206,"Cluster 2","survey","COMB"
1438.62252082636,0.119139632937512,"Cluster 2","survey","COMB"
1421.36453934463,0.111345394031415,"Cluster 2","survey","COMB"
1434.24817006924,0.116336988956515,"Cluster 2","survey","COMB"
1389.25722064061,0.132623960427591,"Cluster 2","survey","COMB"
1424.89068553605,0.114292034463238,"Cluster 2","survey","COMB"
1431.6138682532,0.124948261954897,"Cluster 2","survey","COMB"
1387.57660531656,0.128497316120208,"Cluster 2","survey","COMB"
1413.16847154221,0.124181521882279,"Cluster 2","survey","COMB"
1420.71836832217,0.108350552547267,"Cluster 2","survey","COMB"
1418.44207970096,0.123713944878064,"Cluster 2","survey","COMB"
1411.8143122862,0.107518312436846,"Cluster 2","survey","COMB"
1402.22371852701,0.128731081776916,"Cluster 2","survey","COMB"
1407.08559456558,0.122158972972074,"Cluster 2","survey","COMB"
1395.70620678557,0.120904360707052,"Cluster 2","survey","COMB"
1402.52388494113,0.107800500864505,"Cluster 2","survey","COMB"
1438.4103618256,0.112891863184217,"Cluster 2","survey","COMB"
1429.38159098384,0.119717002811178,"Cluster 2","survey","COMB"
1415.05028423964,0.117181833550884,"Cluster 2","survey","COMB"
1416.7506611164,0.115644493859862,"Cluster 2","survey","COMB"
1430.20168341521,0.126531484475725,"Cluster 2","survey","COMB"
1427.46752477481,0.123427300107038,"Cluster 2","survey","COMB"
1417.14468065381,0.120725191172702,"Cluster 2","survey","COMB"
1398.64191476542,0.127447374096178,"Cluster 2","survey","COMB"
1415.39709024266,0.130098735450767,"Cluster 2","survey","COMB"
1406.52569364976,0.124104550845227,"Cluster 2","survey","COMB"
1411.19781627445,0.131626716426723,"Cluster 2","survey","COMB"
1407.15872891328,0.102290348207417,"Cluster 2","survey","COMB"
1413.4186492685,0.12446933542889,"Cluster 2","survey","COMB"
1411.57184988685,0.115383651202265,"Cluster 2","survey","COMB"
1408.07799814658,0.106152213177685,"Cluster 2","survey","COMB"
1419.58354604741,0.110605835134385,"Cluster 2","survey","COMB"
1416.9609386522,0.108768327620582,"Cluster 2","survey","COMB"
1426.21804476042,0.111290981174142,"Cluster 2","survey","COMB"
1419.82652990262,0.123164231104374,"Cluster 2","survey","COMB"
1421.95412673526,0.120592303354578,"Cluster 2","survey","COMB"
1423.99804485553,0.122116387802586,"Cluster 2","survey","COMB"
1411.53029710789,0.131635732062176,"Cluster 2","survey","COMB"
1420.7764530546,0.115391855042147,"Cluster 2","survey","COMB"
1432.51277226257,0.109774342761467,"Cluster 2","survey","COMB"
1413.38874399248,0.128059447770313,"Cluster 2","survey","COMB"
1425.43990416145,0.115499476403408,"Cluster 2","survey","COMB"
1396.67648580315,0.126823962626141,"Cluster 2","survey","COMB"
1426.95970776489,0.119456163126146,"Cluster 2","survey","COMB"
1419.15202633903,0.108533140850814,"Cluster 2","survey","COMB"
1420.84375448046,0.122845387531406,"Cluster 2","survey","COMB"
1412.40337359736,0.124296236474683,"Cluster 2","survey","COMB"
1425.186617571,0.122297132658257,"Cluster 2","survey","COMB"
1413.92981323307,0.110736811883356,"Cluster 2","survey","COMB"
1410.97494726941,0.113507790524596,"Cluster 2","survey","COMB"
1427.4895838155,0.108627765707728,"Cluster 2","survey","COMB"
1426.35873870416,0.110797201832815,"Cluster 2","survey","COMB"
1429.09447458402,0.115641274987122,"Cluster 2","survey","COMB"
1408.78764791627,0.119968514837816,"Cluster 2","survey","COMB"
